chambre;trou_hx_mm;trou_hy_mm;S_mm2;table_mm;corr_ext;LonCaseA;LonCaseB;V_A_cm3;V_B_cm3;V_cases_cm3;V_total_cm3;noeuds;f1_Hz;f2_Hz;f3_Hz;f4_Hz;note_f1;f_helmholtz_Hz;ecart_helmholtz_pct;L_eff_fem_mm;pente_entame_A_mm;pente_entame_B_mm;duree_s
1;4.0;12.5;50.0;4.0;0.6;51.618;51.618;9.131;9.131;18.262;18.582;21500;885.6;1044.7;3550.1;3662.5;la4 +11 c;913.2;3.1;10.4;0.0;0.0;3.3
1;4.0;12.5;50.0;4.0;1.6;51.618;51.618;9.131;9.131;18.262;18.781;21874;752.4;1030.3;3471.8;3650.4;fa#4 +29 c;769.6;2.3;14.41;0.0;0.0;3.0
1;4.0;12.5;50.0;8.0;0.6;51.618;51.618;9.131;9.131;18.262;18.782;21901;752.2;1030.3;3471.7;3650.4;fa#4 +28 c;769.4;2.3;14.42;0.0;0.0;3.1
1;4.0;12.5;50.0;8.0;1.6;51.618;51.618;9.131;9.131;18.262;18.981;22182;664.6;1028.4;3424.4;3648.7;mi4 +14 c;677.5;1.9;18.47;0.0;0.0;3.0
1;8.0;25.0;200.0;4.0;0.6;51.618;51.618;9.131;9.131;18.262;20.02;22742;1314.2;1438.6;3900.5;4110.0;mi5 -6 c;1447.8;10.2;18.9;0.0;0.0;3.2
1;8.0;25.0;200.0;4.0;1.6;51.618;51.618;9.131;9.131;18.262;21.615;24808;1097.6;1400.6;3576.1;4026.3;do#5 -17 c;1177.3;7.3;27.09;0.0;0.0;3.5
1;8.0;25.0;200.0;8.0;0.6;51.618;51.618;9.131;9.131;18.262;20.82;23601;1193.4;1411.1;3714.6;4051.0;ré5 +27 c;1291.4;8.2;22.92;0.0;0.0;3.3
1;8.0;25.0;200.0;8.0;1.6;51.618;51.618;9.131;9.131;18.262;22.415;25584;1018.9;1396.6;3461.4;4015.6;do5 -46 c;1088.4;6.8;31.43;0.0;0.0;3.6
1;8.0;12.5;100.0;4.0;0.6;51.618;51.618;9.131;9.131;18.262;19.001;21777;1083.3;1264.9;3679.5;3873.8;do#5 -40 c;1157.4;6.8;13.91;0.0;0.0;3.2
1;8.0;12.5;100.0;4.0;1.6;51.618;51.618;9.131;9.131;18.262;19.565;22549;912.3;1256.1;3528.4;3862.0;la#4 -38 c;956.9;4.9;19.61;0.0;0.0;3.4
1;8.0;12.5;100.0;8.0;0.6;51.618;51.618;9.131;9.131;18.262;19.401;22306;954.0;1256.9;3563.7;3863.2;la#4 +40 c;1004.2;5.3;17.93;0.0;0.0;3.2
1;8.0;12.5;100.0;8.0;1.6;51.618;51.618;9.131;9.131;18.262;19.965;22928;829.0;1255.5;3457.9;3861.3;sol#4 -3 c;864.7;4.3;23.75;0.0;0.0;3.2
6;4.0;12.5;50.0;4.0;0.6;36.0;36.256;6.173;6.208;12.38;12.7;15432;1109.9;1329.4;4975.3;5108.2;do#5 +2 c;1109.1;-0.1;9.77;0.0;0.0;2.0
6;4.0;12.5;50.0;4.0;1.6;36.0;36.256;6.173;6.208;12.38;12.899;15856;933.3;1308.9;4880.9;5092.5;la#4 +2 c;934.8;0.2;13.82;0.0;0.0;2.1
6;4.0;12.5;50.0;8.0;0.6;36.0;36.256;6.173;6.208;12.38;12.9;15868;932.9;1308.9;4880.7;5092.5;la#4 +1 c;934.4;0.2;13.83;0.0;0.0;2.1
6;4.0;12.5;50.0;8.0;1.6;36.0;36.256;6.173;6.208;12.38;13.099;16190;819.4;1306.2;4815.6;5090.0;sol#4 -24 c;822.9;0.4;17.93;0.0;0.0;2.1
6;8.0;25.0;200.0;4.0;0.6;36.0;36.256;6.173;6.208;12.38;14.138;16888;1715.7;1919.6;5322.8;5619.8;la5 -44 c;1758.5;2.5;16.36;0.0;0.0;2.2
6;8.0;25.0;200.0;4.0;1.6;36.0;36.256;6.173;6.208;12.38;15.733;18926;1388.1;1856.0;4827.1;5474.3;fa5 -11 c;1429.8;3.0;24.99;0.0;0.0;2.5
6;8.0;25.0;200.0;8.0;0.6;36.0;36.256;6.173;6.208;12.38;14.938;17995;1529.7;1873.6;5047.5;5521.0;sol5 -43 c;1568.5;2.5;20.57;0.0;0.0;2.4
6;8.0;25.0;200.0;8.0;1.6;36.0;36.256;6.173;6.208;12.38;16.533;19921;1274.7;1849.8;4624.7;7557.1;ré#5 +41 c;1322.0;3.7;29.63;0.0;0.0;2.8
6;8.0;12.5;100.0;4.0;0.6;36.0;36.256;6.173;6.208;12.38;13.119;16024;1381.0;1649.7;5105.3;5346.7;fa5 -20 c;1405.8;1.8;12.62;0.0;0.0;2.2
6;8.0;12.5;100.0;4.0;1.6;36.0;36.256;6.173;6.208;12.38;13.683;16688;1142.3;1636.5;4902.8;5330.5;ré5 -48 c;1162.2;1.7;18.45;0.0;0.0;2.2
6;8.0;12.5;100.0;8.0;0.6;36.0;36.256;6.173;6.208;12.38;13.519;16475;1199.5;1638.0;4953.1;5332.4;ré5 +36 c;1219.7;1.7;16.73;0.0;0.0;2.2
6;8.0;12.5;100.0;8.0;1.6;36.0;36.256;6.173;6.208;12.38;14.083;17104;1029.8;1635.5;4790.3;5329.1;do5 -28 c;1050.3;2.0;22.7;0.0;0.0;2.4
12;4.0;12.5;50.0;4.0;0.6;41.771;36.256;5.292;4.931;10.222;10.542;13628;1215.5;1462.7;4553.4;5130.9;ré#5 -41 c;1220.5;0.4;9.87;0.86;0.0;1.7
12;4.0;12.5;50.0;4.0;1.6;41.771;36.256;5.292;4.931;10.222;10.742;13982;1024.0;1438.5;4490.8;5085.3;do5 -38 c;1028.7;0.5;13.9;0.86;0.0;1.8
12;4.0;12.5;50.0;8.0;0.6;41.771;36.256;5.292;4.931;10.222;10.742;14003;1023.6;1438.5;4490.6;5085.2;do5 -38 c;1028.3;0.5;13.91;0.86;0.0;1.9
12;4.0;12.5;50.0;8.0;1.6;41.771;36.256;5.292;4.931;10.222;10.942;14328;899.2;1434.9;4449.6;5061.9;la4 +37 c;905.6;0.7;18.03;0.86;0.0;2.1
12;8.0;25.0;200.0;4.0;0.6;41.771;36.256;5.292;4.931;10.222;11.98;14827;1842.5;2089.8;4961.8;5598.0;la#5 -21 c;1935.2;5.0;17.18;0.86;0.0;2.0
12;8.0;25.0;200.0;4.0;1.6;41.771;36.256;5.292;4.931;10.222;13.576;16914;1505.1;2012.9;4573.2;5369.2;fa#5 +29 c;1573.5;4.5;25.74;0.86;0.0;2.2
12;8.0;25.0;200.0;8.0;0.6;41.771;36.256;5.292;4.931;10.222;12.78;15858;1654.5;2033.5;4747.1;5449.3;sol#5 -7 c;1726.1;4.3;21.3;0.86;0.0;2.0
12;8.0;25.0;200.0;8.0;1.6;41.771;36.256;5.292;4.931;10.222;14.376;17737;1383.0;2004.2;4412.4;5317.7;fa5 -17 c;1454.8;5.2;30.48;0.86;0.0;2.5
12;8.0;12.5;100.0;4.0;0.6;41.771;36.256;5.292;4.931;10.222;10.961;13834;1507.4;1810.1;4724.7;5339.0;fa#5 +32 c;1547.0;2.6;12.83;0.86;0.0;1.9
12;8.0;12.5;100.0;4.0;1.6;41.771;36.256;5.292;4.931;10.222;11.525;14561;1250.5;1791.2;4579.0;5269.0;ré#5 +8 c;1278.9;2.3;18.64;0.86;0.0;1.9
12;8.0;12.5;100.0;8.0;0.6;41.771;36.256;5.292;4.931;10.222;11.361;14462;1312.7;1793.4;4615.5;5283.0;mi5 -8 c;1342.3;2.3;16.92;0.86;0.0;1.9
12;8.0;12.5;100.0;8.0;1.6;41.771;36.256;5.292;4.931;10.222;11.925;15014;1127.4;1789.6;4498.0;5243.0;do#5 +29 c;1155.8;2.5;22.94;0.86;0.0;2.0
