f_Hz;Re_Z_Pa_s_m3;Im_Z_Pa_s_m3;abs_Z_Pa_s_m3
50.000;0;82690.8;82690.8
53.278;0;88122.8;88122.8
56.772;0;93913.2;93913.2
60.494;0;100086;100086
64.461;0;106666;106666
68.687;0;113682;113682
73.191;0;121162;121162
77.990;0;129139;129139
83.103;0;137645;137645
88.552;0;146717;146717
94.358;0;156394;156394
100.545;0;166717;166717
107.138;0;177732;177732
114.162;0;189486;189486
121.648;0;202033;202033
129.624;0;215428;215428
138.123;0;229734;229734
147.179;0;245015;245015
156.830;0;261345;261345
167.113;0;278801;278801
178.070;0;297472;297472
189.745;0;317449;317449
202.187;0;338838;338838
215.443;0;361753;361753
229.570;0;386322;386322
244.622;0;412686;412686
260.661;0;441003;441003
277.752;0;471454;471454
295.964;0;504239;504239
315.369;0;539589;539589
336.047;0;577768;577768
358.081;0;619083;619083
381.560;0;663888;663888
406.578;0;712602;712602
433.236;0;765721;765721
461.642;0;823838;823838
491.911;0;887676;887676
524.164;0;958115;958115
558.533;0;1.03626e+06;1.03626e+06
595.154;0;1.12348e+06;1.12348e+06
634.177;0;1.22158e+06;1.22158e+06
675.759;0;1.33286e+06;1.33286e+06
720.066;0;1.46045e+06;1.46045e+06
767.280;0;1.60861e+06;1.60861e+06
817.588;0;1.78336e+06;1.78336e+06
871.196;0;1.99355e+06;1.99355e+06
928.318;0;2.25271e+06;2.25271e+06
989.185;0;2.58284e+06;2.58284e+06
1054.044;0;3.02238e+06;3.02238e+06
1123.155;0;3.64591e+06;3.64591e+06
1196.798;0;4.62179e+06;4.62179e+06
1275.269;0;6.43725e+06;6.43725e+06
1358.885;0;1.14188e+07;1.14188e+07
1447.984;0;3.12583e+08;3.12583e+08
1542.925;-0;-7.05678e+06;7.05678e+06
1644.091;-0;-485952;485952
1751.890;0;5.59436e+06;5.59436e+06
1866.757;-0;-1.1929e+08;1.1929e+08
1989.156;-0;-8.79229e+06;8.79229e+06
2119.580;-0;-4.84911e+06;4.84911e+06
2258.556;-0;-3.32408e+06;3.32408e+06
2406.644;-0;-2.46588e+06;2.46588e+06
2564.442;-0;-1.89328e+06;1.89328e+06
2732.586;-0;-1.47111e+06;1.47111e+06
2911.756;-0;-1.13814e+06;1.13814e+06
3102.672;-0;-862116;862116
3306.107;-0;-624108;624108
3522.881;-0;-412071;412071
3753.868;-0;-217738;217738
4000.000;-0;-34952.5;34952.5
