chambre;notes;notes_Hz;source_notes;actuel_trou_mm;actuel_longueur_trou_mm;actuel_ProfCase_mm;actuel_V_cases_cm3;actuel_fH_Hz;actuel_fAB_Hz;actuel_rapport_fH_note;actuel_marge_harmoniques_cents;actuel_marge_AB_cents;but;propose_trou_mm;propose_longueur_trou_mm;propose_ProfCase_mm;propose_cale_mm;propose_V_cases_cm3;propose_fH_elmer_Hz;propose_fAB_elmer_Hz;propose_rapport_fH_note;propose_dans_fenetre;propose_marge_harmoniques_cents;propose_marge_AB_cents;kappa;iterations;actuel_p_on_Pa;propose_p_on_Pa;gain_p_on_pct;duree_s
1;ré2 fa#2;146.8 185.0;hypothèse rang de sol, à confirmer;8 x 25;8.0;6;18.262;1142.8;1404.8;7.78 6.18;51.0;408.0;fenêtre 222-250 Hz hors d'atteinte : loin des harmoniques 1 à 6;8 x 25;8.0;6.0;0.0;18.262;1142.8;1404.8;7.78 6.18;False;51.0;408.0;2.129;1;10 16;10 16;+0 +0;43.4
2;sol2 la2;196.0 220.0;hypothèse rang de sol, à confirmer;8 x 25;8.0;6;17.549;1169.2;1451.3;5.97 5.31;10.0;164.0;fenêtre 264-333 Hz hors d'atteinte : loin des harmoniques 1 à 6;8 x 25;9.5;6.0;0.0;17.549;1133.7;1447.1;5.78 5.15;False;52.0;159.0;2.111;1;19 24;18 23;-3 -4;40.7
3;si2 do3;246.9 261.6;hypothèse rang de sol, à confirmer;8 x 25;8.0;6;15.582;1266.9;1594.4;5.13 4.84;45.0;27.0;fenêtre 314-420 Hz hors d'atteinte : loin des harmoniques 1 à 6;8 x 25;10.5;6.0;0.0;15.582;1200.6;1587.4;4.86 4.59;False;49.0;19.0;2.016;2;32 37;30 34;-8 -8;41.0
4;ré3 mi3;293.7 329.6;hypothèse rang de sol, à confirmer;8 x 25;8.0;8;15.35;1232.9;1661.0;4.20 3.74;84.0;13.0;fenêtre 396-499 Hz hors d'atteinte : loin des harmoniques 1 à 6;8 x 25;8.0;8.0;0.0;15.35;1232.9;1661.0;4.20 3.74;False;84.0;13.0;2.199;1;45 59;45 59;+0 +0;39.9
5;sol3 fa#3;392.0 370.0;hypothèse rang de sol, à confirmer;8 x 25;8.0;7;13.834;1357.1;1716.0;3.46 3.67;150.0;130.0;fenêtre 470-629 Hz hors d'atteinte : loin des harmoniques 1 à 6;8 x 25;8.0;7.0;0.0;13.834;1357.1;1716.0;3.46 3.67;False;150.0;130.0;1.929;1;95 84;95 84;+0 +0;39.5
6;si3 la3;493.9 440.0;hypothèse rang de sol, à confirmer;8 x 25;8.0;6.5;12.38;1454.4;1862.7;2.94 3.31;32.0;98.0;fenêtre 593-748 Hz hors d'atteinte : loin des harmoniques 1 à 6;8 x 25;8.5;6.5;0.0;12.38;1436.9;1860.9;2.91 3.27;False;53.0;96.0;1.85;1;164 129;160 125;-3 -2;40.5
7;ré4 do4;587.3 523.3;hypothèse rang de sol, à confirmer;8 x 25;8.0;6;13.174;1378.6;1773.1;2.35 2.63;225.0;11.0;fenêtre 705-890 Hz hors d'atteinte : loin des harmoniques 1 à 6;8 x 25;8.0;6.0;0.0;13.174;1378.6;1773.1;2.35 2.63;False;225.0;11.0;1.981;1;213 172;213 172;+0 +0;35.0
8;sol4 mi4;784.0 659.3;hypothèse rang de sol, à confirmer;8 x 25;8.0;4.5;12.862;1385.8;1770.9;1.77 2.10;86.0;191.0;fenêtre 941-1121 Hz (cible 1027);4 x 25;12.0;4.5;0.0;12.862;1019.6;1443.7;1.30 1.55;True;445.0;143.0;1.818;3;318 255;281 177;-12 -30;35.3
9;si4 fa#4;987.8 740.0;hypothèse rang de sol, à confirmer;8 x 25;8.0;3;12.027;1436.7;1831.7;1.45 1.94;51.0;131.0;fenêtre 1185-1258 Hz (cible 1221);6 x 25;11.0;3.0;0.0;12.027;1235.0;1686.5;1.25 1.67;True;313.0;226.0;1.928;3;407 312;429 232;+5 -26;36.1
10;ré5 la4;1174.7 880.0;hypothèse rang de sol, à confirmer;8 x 25;8.0;2;11.331;1488.4;1893.4;1.27 1.69;290.0;126.0;fenêtre 1410-1496 Hz (cible 1452);8 x 25;9.0;2.0;0.0;11.331;1454.9;1889.3;1.24 1.65;True;330.0;123.0;1.973;1;572 396;604 375;+6 -5;32.9
11;sol5 do5;1568.0 1046.5;hypothèse rang de sol, à confirmer;8 x 25;8.0;1.75;10.779;1539.8;1961.0;0.98 1.47;31.0;113.0;note haute 1568 Hz : f_H visée 1960 Hz (1,25 x);13 x 25;4.0;1.0;1.0;10.33;1942.9;2270.3;1.24 1.86;False;129.0;141.0;2.049;3;non 471;1596 970;? +106;35.3
12;si5 mi5;1975.5 1318.5;hypothèse rang de sol, à confirmer;8 x 25;8.0;0.5;10.222;1575.5;2020.8;0.80 1.19;308.0;39.0;"note haute 1976 Hz : f_H visée 2469 Hz HORS D'ATTEINTE (le plus haut possible ; il faudrait une chambre plus petite)";13 x 25;4.0;0.5;6.0;9.315;2073.7;2512.5;1.05 1.57;False;84.0;84.0;1.984;2;non 967;non 1057;? +9;26.1
