f_lame_Hz;direction;V_cm3;S_mm2;L_eff_mm;fH_Hz;fH_sur_flame;p_on_Pa;f_on_cents;p_haut_Pa;allure_300Pa;course_300Pa_mm;cents_300Pa;debit_300Pa_Ls;LW_300Pa_dB;allure_1000Pa;course_1000Pa_mm;cents_1000Pa;debit_1000Pa_Ls;LW_1000Pa_dB;allure_2000Pa;course_2000Pa_mm;cents_2000Pa;debit_2000Pa_Ls;LW_2000Pa_dB;duree_s;chambre
700.0;pousser;18.3;25.0;12.37;552.7;0.79;;;;silence;0.0;;0.104;;silence;0.0;;0.1814;;silence;0.0;;0.2388;;20.0;chambre 1
700.0;pousser;18.3;50.0;14.18;712.9;1.018;1322.0;-83.8;;silence;0.0;;0.1078;;s'éteint;0.017;;0.1867;;établi;0.506;-96.9;0.2232;90.4;21.0;chambre 1
700.0;pousser;18.3;100.0;16.74;894.0;1.277;208.3;-14.1;;établi;0.993;-15.7;0.0734;86.0;établi;3.121;-16.0;0.1922;95.8;établi;4.253;-17.3;0.436;98.6;20.9;chambre 1
700.0;pousser;18.3;200.0;20.37;1085.5;1.551;280.8;-6.5;;croît;0.676;-6.6;0.1038;80.5;établi;3.521;-7.2;0.2862;95.6;établi;4.648;-8.5;0.5621;99.8;24.5;chambre 1
700.0;pousser;18.3;400.0;25.49;1272.8;1.818;576.6;-4.4;;s'éteint;0.107;;0.1089;;croît;1.6;-4.6;0.2117;91.5;croît;3.426;-6.4;0.4113;101.0;21.1;chambre 1
700.0;pousser;10.2;25.0;12.37;740.0;1.057;6923.6;-212.7;;silence;0.0;;0.104;;silence;0.0;;0.1814;;silence;0.0;;0.2388;;20.4;chambre 12
700.0;pousser;10.2;50.0;14.18;953.9;1.363;248.9;-18.8;;établi;0.726;-20.9;0.0808;81.6;établi;2.449;-21.7;0.157;92.1;établi;3.421;-25.9;0.2913;95.8;20.6;chambre 12
700.0;pousser;10.2;100.0;16.74;1194.4;1.706;228.5;-8.6;;établi;1.309;-8.3;0.0939;84.7;établi;3.75;-8.2;0.283;94.8;établi;4.564;-9.6;0.5036;99.5;24.5;chambre 12
700.0;pousser;10.2;200.0;20.37;1445.6;2.065;395.4;-5.1;;s'éteint;0.239;;0.1084;;établi;1.911;-5.5;0.2183;94.3;établi;3.223;-7.4;0.3729;102.0;21.2;chambre 12
700.0;pousser;10.2;400.0;25.49;1685.7;2.408;777.3;-4.2;;s'éteint;0.064;;0.109;;croît;1.026;-4.4;0.1889;85.7;établi;2.039;-6.6;0.3208;96.2;20.1;chambre 12
1000.0;pousser;18.3;25.0;12.37;552.7;0.553;;;;silence;0.0;;0.0922;;silence;0.0;;0.1645;;silence;0.0;;0.225;;17.1;chambre 1
1000.0;pousser;18.3;50.0;14.18;712.9;0.713;;;;silence;0.0;;0.0948;;silence;0.0;;0.1688;;silence;0.0;;0.23;;16.9;chambre 1
1000.0;pousser;18.3;100.0;16.74;894.0;0.894;;;;silence;0.0;;0.0955;;silence;0.0;;0.17;;silence;0.0;;0.2313;;17.2;chambre 1
1000.0;pousser;18.3;200.0;20.37;1085.5;1.086;441.1;-18.4;;silence;0.007;;0.0957;;établi;1.322;-20.1;0.1148;100.0;établi;2.325;-21.1;0.2099;105.1;19.2;chambre 1
1000.0;pousser;18.3;400.0;25.49;1272.8;1.273;606.9;-6.0;;s'éteint;0.024;;0.0957;;établi;1.512;-6.3;0.174;96.6;établi;3.041;-7.4;0.3256;103.0;19.4;chambre 1
1000.0;pousser;10.2;25.0;12.37;740.0;0.74;;;;silence;0.0;;0.0922;;silence;0.0;;0.1645;;silence;0.0;;0.225;;17.5;chambre 12
1000.0;pousser;10.2;50.0;14.18;953.9;0.954;;;;silence;0.0;;0.0948;;silence;0.0;;0.1688;;silence;0.0;;0.23;;17.5;chambre 12
1000.0;pousser;10.2;100.0;16.74;1194.4;1.194;426.7;-15.2;;s'éteint;0.016;;0.0955;;établi;1.558;-16.6;0.1209;96.6;établi;2.763;-17.6;0.2238;101.8;19.7;chambre 12
1000.0;pousser;10.2;200.0;20.37;1445.6;1.446;590.3;-6.2;;s'éteint;0.026;;0.0957;;établi;1.628;-6.3;0.1769;94.5;établi;3.33;-7.2;0.3392;101.1;21.4;chambre 12
1000.0;pousser;10.2;400.0;25.49;1685.7;1.686;1330.5;-4.3;;silence;0.007;;0.0957;;s'éteint;0.172;;0.1701;;établi;1.385;-4.6;0.2518;95.5;20.9;chambre 12
1400.0;pousser;18.3;25.0;12.37;552.7;0.395;;;;silence;0.0;;0.0821;;silence;0.0;;0.1481;;silence;0.0;;0.2059;;17.5;chambre 1
1400.0;pousser;18.3;50.0;14.18;712.9;0.509;;;;silence;0.0;;0.084;;silence;0.0;;0.1513;;silence;0.0;;0.2101;;17.0;chambre 1
1400.0;pousser;18.3;100.0;16.74;894.0;0.639;;;;silence;0.0;;0.0844;;silence;0.0;;0.1522;;silence;0.0;;0.2112;;17.8;chambre 1
1400.0;pousser;18.3;200.0;20.37;1085.5;0.775;;;;silence;0.0;;0.0846;;silence;0.0;;0.1524;;silence;0.0;;0.2115;;18.5;chambre 1
1400.0;pousser;18.3;400.0;25.49;1272.8;0.909;;;;silence;0.0;;0.0846;;silence;0.0;;0.1525;;silence;0.0;;0.2115;;17.9;chambre 1
1400.0;pousser;10.2;25.0;12.37;740.0;0.529;;;;silence;0.0;;0.0821;;silence;0.0;;0.1481;;silence;0.0;;0.2059;;18.9;chambre 12
1400.0;pousser;10.2;50.0;14.18;953.9;0.681;;;;silence;0.0;;0.084;;silence;0.0;;0.1513;;silence;0.0;;0.2101;;18.0;chambre 12
1400.0;pousser;10.2;100.0;16.74;1194.4;0.853;;;;silence;0.0;;0.0844;;silence;0.0;;0.1522;;silence;0.0;;0.2112;;17.6;chambre 12
1400.0;pousser;10.2;200.0;20.37;1445.6;1.033;1112.0;-27.9;;silence;0.0;;0.0846;;s'éteint;0.025;;0.1523;;établi;0.864;-30.4;0.148;105.7;20.6;chambre 12
1400.0;pousser;10.2;400.0;25.49;1685.7;1.204;1091.9;-6.3;;silence;0.0;;0.0846;;s'éteint;0.22;;0.1513;;établi;1.636;-6.7;0.2183;103.7;20.7;chambre 12
