f_lame_Hz;direction;V_cm3;S_mm2;L_eff_mm;fH_Hz;fH_sur_flame;p_on_Pa;f_on_cents;p_haut_Pa;allure_1000Pa;course_1000Pa_mm;cents_1000Pa;debit_1000Pa_Ls;LW_1000Pa_dB;duree_s
700.0;pousser;10.2;4.2;9.79;350.0;0.5;;;;silence;0.0;;0.0916;;10.2
700.0;pousser;10.2;9.1;10.63;490.0;0.7;;;;silence;0.0;;0.1466;;9.1
700.0;pousser;10.2;14.4;11.32;595.0;0.85;;;;silence;0.0;;0.1688;;9.0
700.0;pousser;10.2;21.7;12.07;700.0;1.0;;;;silence;0.0;;0.1791;;8.6
700.0;pousser;10.2;27.7;12.61;770.0;1.1;4154.8;-144.3;;silence;0.004;;0.1827;;11.6
700.0;pousser;10.2;35.0;13.18;840.1;1.2;453.2;-35.5;;établi;1.155;-43.8;0.1282;89.0;10.9
700.0;pousser;10.2;54.1;14.43;980.1;1.4;234.0;-16.9;;établi;2.752;-19.1;0.171;92.6;13.5
700.0;pousser;10.2;98.8;16.69;1190.1;1.7;227.2;-8.7;;établi;3.755;-8.3;0.2823;94.7;12.6
700.0;pousser;10.2;176.2;19.61;1399.9;2.0;350.1;-5.5;;établi;2.263;-5.5;0.231;95.2;11.7
1000.0;pousser;10.2;9.5;10.7;500.0;0.5;;;;silence;0.0;;0.1387;;8.6
1000.0;pousser;10.2;21.7;12.07;700.0;0.7;;;;silence;0.0;;0.1627;;8.5
1000.0;pousser;10.2;36.2;13.26;850.1;0.85;;;;silence;0.0;;0.1675;;8.6
1000.0;pousser;10.2;57.4;14.63;1000.1;1.0;2365.1;-80.8;;silence;0.0;;0.1692;;11.0
1000.0;pousser;10.2;76.7;15.66;1100.1;1.1;604.0;-27.1;;établi;0.87;-30.5;0.1151;94.8;11.1
1000.0;pousser;10.2;101.5;16.81;1199.9;1.2;423.4;-14.8;;établi;1.593;-16.1;0.1223;96.7;10.8
1000.0;pousser;10.2;176.2;19.61;1399.9;1.4;518.3;-7.0;;établi;1.84;-7.1;0.1769;95.6;15.7
1400.0;pousser;10.2;21.7;12.07;700.0;0.5;;;;silence;0.0;;0.1467;;8.4
1400.0;pousser;10.2;54.1;14.43;980.1;0.7;;;;silence;0.0;;0.1515;;9.3
1400.0;pousser;10.2;98.8;16.69;1190.1;0.85;;;;silence;0.0;;0.1522;;8.6
1400.0;pousser;10.2;176.2;19.61;1399.9;1.0;1826.9;-48.0;;silence;0.0;;0.1524;;10.8
1400.0;pousser;10.2;260.7;22.12;1539.9;1.1;774.5;-12.8;;établi;0.798;-13.6;0.1182;100.0;10.6
1400.0;pousser;10.2;393.0;25.34;1679.9;1.2;1066.1;-6.5;;s'éteint;0.254;;0.151;;10.5
