trou;levee_mm;note_Hz;profil;reseau;f_H_Hz;L_kg_m4;V_eff_cm3;R;A_rideau_mm2;masse_bout_g;f1_Hz;k_eff_N_m;fleche_statique_mm;levee_repos_mm;amplitude_bout_mm;joue;f_jeu_Hz;ecart_cents;q_moyen_L_s;q_crete_L_s;facteur_crete;A_anche_eff_mm2;A_crete_mm2;p_ch_moy_pct;p_ch_crete_pct;p_ch_cc_pct;niveau_fond_dB;part_sup_500Hz_pct;centroide_Hz;attaque_10_90_s
sans;6;41.2;grattee;note;1033;82.541;40.6;0;420;3.0584;41.2;264.77;1.6215;2;0.037199;True;40.936;-11.116;0.8358;0.91574;1.0956;22.272;24.402;-2.6257e-05;0.0024439;0.0049147;26.187;1.9232e-12;40.932;0
8x12;1;41.2;grattee;note;713.42;173.06;40.6;0;40;3.0584;41.2;264.77;1.6215;2;0.0013237;False;;;;;;;;;;;;;;
8x12;2;41.2;grattee;note;713.42;173.06;40.6;0;80;3.0584;41.2;264.77;1.6215;2;0.00029011;False;;;;;;;;;;;;;;
8x12;3;41.2;grattee;note;713.42;173.06;40.6;0;120;3.0584;41.2;264.77;1.6215;2;0.018221;False;;;;;;;;;;;;;;
8x12;4;41.2;grattee;note;713.42;173.06;40.6;0;160;3.0584;41.2;264.77;1.6215;2;2.2516;True;33.021;-383.12;1.4594;2.7991;1.918;38.889;74.588;36.466;82.103;91.211;52.157;29.958;287.13;1.552
8x12;6;41.2;grattee;note;713.42;173.06;40.6;0;240;3.0584;41.2;264.77;1.6215;2;2.8815;True;34.72;-296.25;1.5759;3.0719;1.9493;41.994;81.858;37.382;84.352;98.089;53.553;40.994;364.58;1.6005
12x12;1;41.2;grattee;note;817.07;131.94;40.6;0;48;3.0584;41.2;264.77;1.6215;2;0.00084796;False;;;;;;;;;;;;;;
12x12;2;41.2;grattee;note;817.07;131.94;40.6;0;96;3.0584;41.2;264.77;1.6215;2;1.0308;True;26.766;-746.68;1.3572;2.4;1.7683;36.166;63.954;29.175;64.103;65.294;48.014;1.811;54.635;0
12x12;3;41.2;grattee;note;817.07;131.94;40.6;0;144;3.0584;41.2;264.77;1.6215;2;2.6671;True;34.812;-291.67;1.6992;3.379;1.9887;45.277;90.041;33.53;78.21;87.179;54.337;35.391;352.13;1.5277
12x12;4;41.2;grattee;note;817.07;131.94;40.6;0;192;3.0584;41.2;264.77;1.6215;2;3.5447;True;36.284;-219.97;1.8562;3.8772;2.0888;49.462;103.31;33.164;80.456;94.055;56;45.351;424.95;1.746
12x12;6;41.2;grattee;note;817.07;131.94;40.6;0;288;3.0584;41.2;264.77;1.6215;2;4.3826;True;37.176;-177.93;2.0299;4.3585;2.1472;54.09;116.14;32.807;81.347;99.15;57.286;50.083;459.5;1.843
15x15;1;41.2;grattee;note;943.8;98.883;40.6;0;60;3.0584;41.2;264.77;1.6215;2;0.00020504;False;;;;;;;;;;;;;;
15x15;2;41.2;grattee;note;943.8;98.883;40.6;0;120;3.0584;41.2;264.77;1.6215;2;1.8865;True;33.647;-350.62;1.5864;3.2352;2.0393;42.272;86.208;26.782;66.3;70.227;53.452;18.796;232.69;1.2853
15x15;3;41.2;grattee;note;943.8;98.883;40.6;0;180;3.0584;41.2;264.77;1.6215;2;3.4489;True;36.764;-197.24;2.0561;4.4759;2.1768;54.79;119.27;27.891;72.036;81.376;57.247;37.254;403.35;1.843
15x15;4;41.2;grattee;note;943.8;98.883;40.6;0;240;3.0584;41.2;264.77;1.6215;2;4.4127;True;37.676;-154.8;2.3782;5.2446;2.2052;63.373;139.75;27.988;72.532;85.315;58.869;46.034;486.58;2.0128
15x15;6;41.2;grattee;note;943.8;98.883;40.6;0;360;3.0584;41.2;264.77;1.6215;2;4.9518;True;38.239;-129.11;2.7509;5.9586;2.166;73.304;158.78;26.244;69.317;83.961;59.428;36.698;405.07;1.7217
20x15;1;41.2;grattee;note;1033;82.541;40.6;0;70;3.0584;41.2;264.77;1.6215;2;4.8039e-05;False;;;;;;;;;;;;;;
20x15;2;41.2;grattee;note;1033;82.541;40.6;0;140;3.0584;41.2;264.77;1.6215;2;2.2118;True;35.315;-266.86;1.7582;3.7538;2.135;46.851;100.03;23.978;62.184;66.41;55.181;23.227;292.28;1.5762
20x15;3;41.2;grattee;note;1033;82.541;40.6;0;210;3.0584;41.2;264.77;1.6215;2;3.7232;True;37.507;-162.56;2.3088;5.2081;2.2558;61.521;138.78;24.115;65.119;73.504;58.639;36.372;424.65;2.0612
20x15;4;41.2;grattee;note;1033;82.541;40.6;0;280;3.0584;41.2;264.77;1.6215;2;4.5894;True;38.227;-129.67;2.6959;6.127;2.2727;71.837;163.27;23.269;63.678;74.451;60.039;34.108;406.45;2.0612
20x15;6;41.2;grattee;note;1033;82.541;40.6;0;420;3.0584;41.2;264.77;1.6215;2;5.0949;True;38.74;-106.58;3.1079;6.9986;2.2519;82.816;186.49;20.671;58.45;70.638;60.562;32.365;384.12;1.8915
