trou;levee_mm;f_Hz;Re_Z;Im_Z;abs_Z
8x12;1.0;30.000;31163.8;62193.6;69564.5
8x12;1.0;41.200;31357.5;85660.2;91219.3
8x12;1.0;60.000;31826.7;125617;129586
8x12;1.0;90.000;32978.8;191587;194405
8x12;1.0;140.000;36218.7;311411;313510
8x12;1.0;200.000;43246.2;483595;485525
8x12;1.0;300.000;72149.5;924827;927637
8x12;1.0;400.000;202879;2.0269e+06;2.03703e+06
8x12;1.0;500.000;8.10157e+06;1.34801e+07;1.57273e+07
8x12;1.0;600.000;250295;-3.21607e+06;3.22579e+06
8x12;1.0;700.000;46186.5;-1.56303e+06;1.56371e+06
8x12;1.0;800.000;17081.5;-1.04526e+06;1.0454e+06
8x12;1.0;900.000;8314.89;-784637;784681
8x12;1.0;1000.000;4708.23;-623510;623528
8x12;1.0;1150.000;2384.36;-466837;466844
8x12;1.0;1300.000;1380.49;-361097;361100
8x12;1.0;1500.000;761.981;-259948;259949
8x12;1.0;1800.000;373.64;-151175;151175
8x12;1.0;2200.000;169.127;-43145.1;43145.4
8x12;1.0;2600.000;69.4637;48110.3;48110.4
8x12;2.0;30.000;31107.9;46336.9;55810.5
8x12;2.0;41.200;31251.2;63769.7;71015.6
8x12;2.0;60.000;31596.9;93336.2;98539.4
8x12;2.0;90.000;32437.4;141694;145360
8x12;2.0;140.000;34740.7;227445;230083
8x12;2.0;200.000;39461.6;344515;346768
8x12;2.0;300.000;55953.6;607532;610103
8x12;2.0;400.000;103332;1.08051e+06;1.08544e+06
8x12;2.0;500.000;346754;2.40447e+06;2.42935e+06
8x12;2.0;600.000;2.29123e+07;-2.48851e+06;2.3047e+07
8x12;2.0;700.000;248643;-2.69854e+06;2.70997e+06
8x12;2.0;800.000;55933.1;-1.41233e+06;1.41344e+06
8x12;2.0;900.000;22342.7;-961215;961475
8x12;2.0;1000.000;11390.7;-725236;725325
8x12;2.0;1150.000;5283.52;-520213;520240
8x12;2.0;1300.000;2909.37;-392936;392947
8x12;2.0;1500.000;1542.52;-277922;277926
8x12;2.0;1800.000;730.728;-159948;159950
8x12;2.0;2200.000;322.041;-46864.3;46865.4
8x12;2.0;2600.000;129.517;46725.9;46726
8x12;3.0;30.000;31088.7;40874.1;51353.7
8x12;3.0;41.200;31214.7;56236.2;64318.5
8x12;3.0;60.000;31518.3;82255.7;88087.5
8x12;3.0;90.000;32254;124675;128779
8x12;3.0;140.000;34252.3;199280;202202
8x12;3.0;200.000;38272;299385;301822
8x12;3.0;300.000;51619.2;514944;517525
8x12;3.0;400.000;85595.1;868060;872270
8x12;3.0;500.000;211771;1.66277e+06;1.6762e+06
8x12;3.0;600.000;2.05801e+06;5.74083e+06;6.09857e+06
8x12;3.0;700.000;823502;-4.27617e+06;4.35474e+06
8x12;3.0;800.000;107534;-1.72733e+06;1.73068e+06
8x12;3.0;900.000;36767.6;-1.08873e+06;1.08935e+06
8x12;3.0;1000.000;17434.9;-792513;792705
8x12;3.0;1150.000;7647.52;-553051;553104
8x12;3.0;1300.000;4086.44;-411725;411745
8x12;3.0;1500.000;2117.22;-288163;288170
8x12;3.0;1800.000;984.331;-164767;164770
8x12;3.0;2200.000;428.035;-48805.8;48807.7
8x12;3.0;2600.000;170.504;46085.2;46085.5
8x12;4.0;30.000;31079.1;38144.7;49202.9
8x12;4.0;41.200;31196.5;52473.8;61046.9
8x12;4.0;60.000;31479.2;76727.1;82933.7
8x12;4.0;90.000;32163;116203;120572
8x12;4.0;140.000;34012.3;185350;188445
8x12;4.0;200.000;37698;277337;279887
8x12;4.0;300.000;49640.9;471352;473959
8x12;4.0;400.000;78398.7;775528;779481
8x12;4.0;500.000;172098;1.40032e+06;1.41085e+06
8x12;4.0;600.000;949028;3.74842e+06;3.86669e+06
8x12;4.0;700.000;2.27068e+06;-6.3584e+06;6.75168e+06
8x12;4.0;800.000;165054;-1.99524e+06;2.00206e+06
8x12;4.0;900.000;49870.8;-1.18364e+06;1.18469e+06
8x12;4.0;1000.000;22445.4;-839638;839938
8x12;4.0;1150.000;9477.25;-575019;575097
8x12;4.0;1300.000;4965.43;-423996;424025
8x12;4.0;1500.000;2535.25;-294735;294746
8x12;4.0;1800.000;1165.3;-167828;167832
8x12;4.0;2200.000;502.968;-50045.4;50047.9
8x12;4.0;2600.000;199.434;45652.6;45653.1
8x12;6.0;30.000;31070.2;35601.3;47252.6
8x12;6.0;41.200;31179.5;48968.7;58052.5
8x12;6.0;60.000;31442.8;71580;78181.5
8x12;6.0;90.000;32078.5;108328;112978
8x12;6.0;140.000;33790.9;172452;175732
8x12;6.0;200.000;37174.6;257079;259753
8x12;6.0;300.000;47897.6;432200;434846
8x12;6.0;400.000;72476.8;696111;699873
8x12;6.0;500.000;144343;1.19782e+06;1.20648e+06
8x12;6.0;600.000;558110;2.71184e+06;2.76867e+06
8x12;6.0;700.000;1.03582e+07;-8.60186e+06;1.34642e+07
8x12;6.0;800.000;272939;-2.38826e+06;2.4038e+06
8x12;6.0;900.000;69630.8;-1.30519e+06;1.30704e+06
8x12;6.0;1000.000;29372.8;-896689;897170
8x12;6.0;1150.000;11857.8;-600572;600689
8x12;6.0;1300.000;6075.42;-437987;438029
8x12;6.0;1500.000;3052.57;-302124;302139
8x12;6.0;1800.000;1386.63;-171233;171238
8x12;6.0;2200.000;594.665;-51416.3;51419.8
8x12;6.0;2600.000;235.255;45177.6;45178.2
12x12;1.0;30.000;31120.3;49646.2;58593.7
12x12;1.0;41.200;31274.8;68336.1;75152.7
12x12;1.0;60.000;31647.8;100062;104948
12x12;1.0;90.000;32556.6;152061;155507
12x12;1.0;140.000;35061.3;244760;247258
12x12;1.0;200.000;40258.7;372747;374914
12x12;1.0;300.000;59046.5;668487;671089
12x12;1.0;400.000;117874;1.23584e+06;1.24145e+06
12x12;1.0;500.000;515794;3.13067e+06;3.17288e+06
12x12;1.0;600.000;3.99389e+06;-9.49836e+06;1.03039e+07
12x12;1.0;700.000;148598;-2.23832e+06;2.24325e+06
12x12;1.0;800.000;40138.8;-1.28134e+06;1.28197e+06
12x12;1.0;900.000;17112.4;-900626;900789
12x12;1.0;1000.000;9015.39;-690615;690674
12x12;1.0;1150.000;4294.21;-501813;501832
12x12;1.0;1300.000;2399.9;-381664;381672
12x12;1.0;1500.000;1287.57;-271278;271281
12x12;1.0;1800.000;616.569;-156506;156507
12x12;1.0;2200.000;274.953;-45402.3;45403.1
12x12;1.0;2600.000;112.931;47022.8;47023
12x12;2.0;30.000;31075;36842.8;48198
12x12;2.0;41.200;31188.7;50679.9;59507.8
12x12;2.0;60.000;31462.4;74093.8;80497.1
12x12;2.0;90.000;32124.1;112178;116687
12x12;2.0;140.000;33910.2;178772;181959
12x12;2.0;200.000;37456;267044;269658
12x12;2.0;300.000;48830.1;451625;454257
12x12;2.0;400.000;75607.6;735858;739732
12x12;2.0;500.000;158574;1.29921e+06;1.30885e+06
12x12;2.0;600.000;734011;3.20398e+06;3.28698e+06
12x12;2.0;700.000;4.1407e+06;-7.78142e+06;8.81453e+06
12x12;2.0;800.000;203281;-2.13888e+06;2.14851e+06
12x12;2.0;900.000;57374.8;-1.22774e+06;1.22908e+06
12x12;2.0;1000.000;25124.9;-859436;859803
12x12;2.0;1150.000;10399.2;-583052;583145
12x12;2.0;1300.000;5390.49;-427868;427902
12x12;2.0;1500.000;2728.59;-296391;296404
12x12;2.0;1800.000;1244.41;-168354;168359
12x12;2.0;2200.000;534.369;-50258.5;50261.3
12x12;2.0;2600.000;212.98;45314.3;45314.8
12x12;3.0;30.000;31059;32310.6;44817.8
12x12;3.0;41.200;31158.3;44435.5;54271.1
12x12;3.0;60.000;31397.2;64928.9;72121.8
12x12;3.0;90.000;31973.1;98173.2;103248
12x12;3.0;140.000;33516.4;155912;159473
12x12;3.0;200.000;36534.1;231366;234233
12x12;3.0;300.000;45842.7;383917;386644
12x12;3.0;400.000;65978.5;603217;606814
12x12;3.0;500.000;118239;985321;992390
12x12;3.0;600.000;334683;1.92004e+06;1.94899e+06
12x12;3.0;700.000;5.65072e+06;7.06024e+06;9.0431e+06
12x12;3.0;800.000;643522;-3.29559e+06;3.35784e+06
12x12;3.0;900.000;115031;-1.52474e+06;1.52907e+06
12x12;3.0;1000.000;43164.9;-989554;990495
12x12;3.0;1150.000;16137.5;-638652;638855
12x12;3.0;1300.000;7959.73;-457594;457663
12x12;3.0;1500.000;3886.14;-311808;311833
12x12;3.0;1800.000;1722.44;-175355;175364
12x12;3.0;2200.000;724.67;-53053.8;53058.8
12x12;3.0;2600.000;284.577;44336.7;44337.7
12x12;4.0;30.000;31050.8;30005.4;43179.6
12x12;4.0;41.200;31142.9;41260.4;51694.3
12x12;4.0;60.000;31364.2;60272.8;67945
12x12;4.0;90.000;31896.7;91072.4;96496.5
12x12;4.0;140.000;33318.9;144381;148176
12x12;4.0;200.000;36078.3;213548;216574
12x12;4.0;300.000;44427.6;351050;353850
12x12;4.0;400.000;61771.5;542187;545694
12x12;4.0;500.000;103379;856126;862345
12x12;4.0;600.000;246171;1.53374e+06;1.55337e+06
12x12;4.0;700.000;1.68717e+06;4.27111e+06;4.59227e+06
12x12;4.0;800.000;1.70017e+06;-4.77936e+06;5.07275e+06
12x12;4.0;900.000;184808;-1.79206e+06;1.80157e+06
12x12;4.0;1000.000;60897.3;-1.09206e+06;1.09376e+06
12x12;4.0;1150.000;21086.6;-678806;679134
12x12;4.0;1300.000;10043;-478165;478270
12x12;4.0;1500.000;4784.82;-322134;322170
12x12;4.0;1800.000;2081.79;-179898;179910
12x12;4.0;2200.000;864.963;-54788.1;54794.9
12x12;4.0;2600.000;336.827;43798;43799.3
12x12;6.0;30.000;31043;27781;41658.7
12x12;6.0;41.200;31128;38197.4;49274.7
12x12;6.0;60.000;31332.3;55783.4;63980.5
12x12;6.0;90.000;31823.3;84234.8;90045.7
12x12;6.0;140.000;33130;133317;137371
12x12;6.0;200.000;35646.8;196560;199766
12x12;6.0;300.000;43123.9;320280;323170
12x12;6.0;400.000;58083.4;486906;490359
12x12;6.0;500.000;91544;746305;751899
12x12;6.0;600.000;190218;1.25078e+06;1.26517e+06
12x12;6.0;700.000;780554;2.78695e+06;2.89419e+06
12x12;6.0;800.000;7.45748e+06;-6.42667e+06;9.84459e+06
12x12;6.0;900.000;334773;-2.22197e+06;2.24705e+06
12x12;6.0;1000.000;90843.2;-1.23481e+06;1.23815e+06
12x12;6.0;1150.000;28406.3;-730212;730764
12x12;6.0;1300.000;12951.6;-503547;503713
12x12;6.0;1500.000;5992.6;-334580;334634
12x12;6.0;1800.000;2552.64;-185310;185328
12x12;6.0;2200.000;1046.9;-56882.7;56892.3
12x12;6.0;2600.000;404.709;43084.6;43086.5
15x15;1.0;30.000;31074.7;36512.5;47945.9
15x15;1.0;41.200;31188.2;50225.5;59121.1
15x15;1.0;60.000;31461.5;73429.1;79885.3
15x15;1.0;90.000;32121.9;111170;115717
15x15;1.0;140.000;33904.5;177159;180374
15x15;1.0;200.000;37442.9;264617;267253
15x15;1.0;300.000;48788.4;447432;450084
15x15;1.0;400.000;75475.6;728754;732652
15x15;1.0;500.000;158012;1.28561e+06;1.29528e+06
15x15;1.0;600.000;727024;3.16099e+06;3.24352e+06
15x15;1.0;700.000;4.21197e+06;-7.74455e+06;8.81582e+06
15x15;1.0;800.000;204270;-2.1263e+06;2.13609e+06
15x15;1.0;900.000;57490.3;-1.21909e+06;1.22045e+06
15x15;1.0;1000.000;25137.4;-852903;853274
15x15;1.0;1150.000;10387.5;-578312;578405
15x15;1.0;1300.000;5377.06;-424206;424240
15x15;1.0;1500.000;2717.29;-293682;293694
15x15;1.0;1800.000;1236.73;-166616;166621
15x15;1.0;2200.000;530.809;-49498;49500.8
15x15;1.0;2600.000;213.279;45154.2;45154.7
15x15;2.0;30.000;31043.6;27791.9;41666.5
15x15;2.0;41.200;31129.3;38212.7;49287.4
15x15;2.0;60.000;31335;55807.4;64002.7
15x15;2.0;90.000;31829.5;84276.6;90087
15x15;2.0;140.000;33145.7;133406;137462
15x15;2.0;200.000;35683;196756;199966
15x15;2.0;300.000;43234.4;320891;323790
15x15;2.0;400.000;58399;488623;492100
15x15;2.0;500.000;92554;751181;756862
15x15;2.0;600.000;194763;1.26711e+06;1.28199e+06
15x15;2.0;700.000;834516;2.87937e+06;2.99786e+06
15x15;2.0;800.000;6.18391e+06;-6.51744e+06;8.9843e+06
15x15;2.0;900.000;309530;-2.1442e+06;2.16643e+06
15x15;2.0;1000.000;86083.5;-1.20605e+06;1.20912e+06
15x15;2.0;1150.000;27205;-717532;718048
15x15;2.0;1300.000;12439.1;-495967;496123
15x15;2.0;1500.000;5754.43;-329958;330008
15x15;2.0;1800.000;2442.25;-182767;182783
15x15;2.0;2200.000;994.97;-55862.1;55871
15x15;2.0;2600.000;383.892;42946;42947.7
15x15;3.0;30.000;31032.1;24553.6;39571
15x15;3.0;41.200;31107.4;33754.6;45902.6
15x15;3.0;60.000;31288.3;49277.3;58371.3
15x15;3.0;90.000;31722;74345.7;80830.5
15x15;3.0;140.000;32870.8;117398;121913
15x15;3.0;200.000;35061.8;172356;175886
15x15;3.0;300.000;41413.6;277571;280643
15x15;3.0;400.000;53513.4;413475;416924
15x15;3.0;500.000;78316.6;611103;616100
15x15;3.0;600.000;139907;951332;961565
15x15;3.0;700.000;373660;1.7358e+06;1.77556e+06
15x15;3.0;800.000;3.68556e+06;4.91185e+06;6.14081e+06
15x15;3.0;900.000;1.13369e+06;-3.49276e+06;3.67214e+06
15x15;3.0;1000.000;183061;-1.5516e+06;1.56236e+06
15x15;3.0;1150.000;45826.3;-825217;826488
15x15;3.0;1300.000;19134.2;-545981;546317
15x15;3.0;1500.000;8344.62;-353481;353580
15x15;3.0;1800.000;3391.54;-192682;192711
15x15;3.0;2200.000;1341;-59635.6;59650.7
15x15;3.0;2600.000;506.385;41640.3;41643.4
15x15;4.0;30.000;31026.1;22855.2;38535.4
15x15;4.0;41.200;31096;31417.2;44204.1
15x15;4.0;60.000;31263.8;45855.6;55499.2
15x15;4.0;90.000;31666;69149.5;76055.2
15x15;4.0;140.000;32728.3;109053;113858
15x15;4.0;200.000;34743;159726;163461
15x15;4.0;300.000;40505.9;255577;258767
15x15;4.0;400.000;51196.1;376569;380034
15x15;4.0;500.000;72135;546215;550958
15x15;4.0;600.000;119967;820963;829682
15x15;4.0;700.000;270788;1.38228e+06;1.40855e+06
15x15;4.0;800.000;1.36493e+06;3.20444e+06;3.48303e+06
15x15;4.0;900.000;3.55772e+06;-4.91093e+06;6.06421e+06
15x15;4.0;1000.000;315554;-1.88651e+06;1.91271e+06
15x15;4.0;1150.000;64339.1;-911353;913621
15x15;4.0;1300.000;25054.6;-583075;583613
15x15;4.0;1500.000;10473.1;-370118;370266
15x15;4.0;1800.000;4132.79;-199484;199527
15x15;4.0;2200.000;1602.96;-62214.6;62235.2
15x15;4.0;2600.000;597.539;40694;40698.4
15x15;6.0;30.000;31020;21143.5;37540.5
15x15;6.0;41.200;31084.5;29061.7;42553.8
15x15;6.0;60.000;31239.3;42408.8;52672.5
15x15;6.0;90.000;31609.7;63920.4;71309.1
15x15;6.0;140.000;32585.6;100677;105819
15x15;6.0;200.000;34426.1;147108;151083
15x15;6.0;300.000;39620.6;233884;237216
15x15;6.0;400.000;49008.6;340944;344449
15x15;6.0;500.000;66613;485821;490366
15x15;6.0;600.000;103873;707422;715007
15x15;6.0;700.000;204590;1.11537e+06;1.13397e+06
15x15;6.0;800.000;675655;2.16708e+06;2.26996e+06
15x15;6.0;900.000;8.75496e+06;1.01401e+06;8.81349e+06
15x15;6.0;1000.000;664771;-2.48529e+06;2.57267e+06
15x15;6.0;1150.000;97228.7;-1.03671e+06;1.04126e+06
15x15;6.0;1300.000;34350.7;-633018;633949
15x15;6.0;1500.000;13585.5;-391454;391690
15x15;6.0;1800.000;5168.57;-207875;207940
15x15;6.0;2200.000;1960.69;-65251.2;65280.7
15x15;6.0;2600.000;721.131;39693.2;39699.7
20x15;1.0;30.000;31049.2;29188.1;42614.5
20x15;1.0;41.200;31139.8;40135.6;50799.1
20x15;1.0;60.000;31357.5;58626.5;66485.8
20x15;1.0;90.000;31881.3;88573.6;94136.6
20x15;1.0;140.000;33279.3;140373;144264
20x15;1.0;200.000;35987.8;207489;210586
20x15;1.0;300.000;44153.4;340488;343339
20x15;1.0;400.000;60989.5;524209;527745
20x15;1.0;500.000;100814;822750;828903
20x15;1.0;600.000;233254;1.4534e+06;1.472e+06
20x15;1.0;700.000;1.41732e+06;3.84533e+06;4.09821e+06
20x15;1.0;800.000;2.13536e+06;-5.10807e+06;5.53644e+06
20x15;1.0;900.000;203588;-1.83056e+06;1.84184e+06
20x15;1.0;1000.000;65039.3;-1.09933e+06;1.10126e+06
20x15;1.0;1150.000;22118.3;-677484;677845
20x15;1.0;1300.000;10444.1;-475299;475414
20x15;1.0;1500.000;4944.2;-319199;319237
20x15;1.0;1800.000;2142;-177691;177704
20x15;1.0;2200.000;893.993;-53811.8;53819.2
20x15;1.0;2600.000;360.611;43390.8;43392.3
20x15;2.0;30.000;31026;22729.9;38461.1
20x15;2.0;41.200;31095.8;31244.9;44081.7
20x15;2.0;60.000;31263.5;45603.9;55291.2
20x15;2.0;90.000;31665.1;68769.5;75709.5
20x15;2.0;140.000;32726;108452;113282
20x15;2.0;200.000;34738;158839;162593
20x15;2.0;300.000;40492;254131;257337
20x15;2.0;400.000;51162.1;374377;377857
20x15;2.0;500.000;72049.3;542885;547646
20x15;2.0;600.000;119713;815556;824296
20x15;2.0;700.000;269666;1.3717e+06;1.39796e+06
20x15;2.0;800.000;1.34924e+06;3.16863e+06;3.44393e+06
20x15;2.0;900.000;3.60479e+06;-4.88419e+06;6.0704e+06
20x15;2.0;1000.000;317768;-1.88203e+06;1.90867e+06
20x15;2.0;1150.000;64607.6;-907967;910263
20x15;2.0;1300.000;25139.8;-580558;581102
20x15;2.0;1500.000;10509;-368326;368476
20x15;2.0;1800.000;4154.84;-198374;198417
20x15;2.0;2200.000;1625.65;-61748;61769.4
20x15;2.0;2600.000;624.959;40585.8;40590.6
20x15;3.0;30.000;31017.2;20279.6;37058.4
20x15;3.0;41.200;31079.2;27873.2;41747.2
20x15;3.0;60.000;31228;40670.6;51276.5
20x15;3.0;90.000;31583.9;61286.9;68946.5
20x15;3.0;140.000;32520.2;96473.2;101807
20x15;3.0;200.000;34281.8;140815;144927
20x15;3.0;300.000;39223.8;223236;226656
20x15;3.0;400.000;48052.4;323889;327434
20x15;3.0;500.000;64296.3;457978;462469
20x15;3.0;600.000;97586.3;658107;665303
20x15;3.0;700.000;182238;1.01123e+06;1.02752e+06
20x15;3.0;800.000;522977;1.84497e+06;1.91766e+06
20x15;3.0;900.000;5.4192e+06;3.87058e+06;6.65952e+06
20x15;3.0;1000.000;1.02919e+06;-2.89763e+06;3.07498e+06
20x15;3.0;1150.000;120516;-1.10748e+06;1.11401e+06
20x15;3.0;1300.000;40190.8;-658002;659228
20x15;3.0;1500.000;15405.4;-400935;401231
20x15;3.0;1800.000;5747.77;-211093;211172
20x15;3.0;2200.000;2165.96;-66350.9;66386.2
20x15;3.0;2600.000;811.465;39048.4;39056.9
20x15;4.0;30.000;31012.4;18952.3;36345
20x15;4.0;41.200;31070.3;26047.1;40544
20x15;4.0;60.000;31208.8;38000.1;49173.1
20x15;4.0;90.000;31540.1;57240.9;65355.1
20x15;4.0;140.000;32409.8;90015.1;95671.9
20x15;4.0;200.000;34039.1;131149;135494
20x15;4.0;300.000;38563.3;206904;210467
20x15;4.0;400.000;46489;297823;301429
20x15;4.0;500.000;60617.2;415796;420191
20x15;4.0;600.000;88091.9;584894;591490
20x15;4.0;700.000;151614;863872;877076
20x15;4.0;800.000;358459;1.44214e+06;1.48602e+06
20x15;4.0;900.000;1.93896e+06;3.18575e+06;3.72942e+06
20x15;4.0;1000.000;2.77983e+06;-3.83044e+06;4.73283e+06
20x15;4.0;1150.000;186785;-1.28615e+06;1.29964e+06
20x15;4.0;1300.000;54715.5;-719295;721373
20x15;4.0;1500.000;19634.9;-425004;425457
20x15;4.0;1800.000;7029.81;-220103;220215
20x15;4.0;2200.000;2583.09;-69594.8;69642.7
20x15;4.0;2600.000;952.018;37881.7;37893.7
20x15;6.0;30.000;31007.6;17593.4;35651.1
20x15;6.0;41.200;31061.1;24177.9;39361.9
20x15;6.0;60.000;31189.2;35267.3;47080.3
20x15;6.0;90.000;31495.4;53103.7;61741.1
20x15;6.0;140.000;32297.4;83424.6;89458.3
20x15;6.0;200.000;33793.3;121321;125940
20x15;6.0;300.000;37904.2;190459;194194
20x15;6.0;400.000;44965.6;271988;275680
20x15;6.0;500.000;57166;375024;379356
20x15;6.0;600.000;79729.4;516994;523105
20x15;6.0;700.000;127571;736985;747944
20x15;6.0;800.000;258535;1.14459e+06;1.17342e+06
20x15;6.0;900.000;881877;2.16648e+06;2.33909e+06
20x15;6.0;1000.000;6.92839e+06;-558878;6.95089e+06
20x15;6.0;1150.000;331259;-1.57658e+06;1.611e+06
20x15;6.0;1300.000;79649.9;-806841;810763
20x15;6.0;1500.000;26112.8;-456973;457719
20x15;6.0;1800.000;8868.47;-231481;231651
20x15;6.0;2200.000;3162.29;-73492.5;73560.5
20x15;6.0;2600.000;1145;36612.9;36630.8
