trou;levee_soupape_mm;P_Pa;scenario;t_ouv_ms;reseau;f_H_Hz;L_kg_m4;V_eff_cm3;R;A_rideau_mm2;f1_Hz;L_libre_mm;k_eff_N_m;zeta;levee_anche_mm;fleche_2kPa_mm;x0_um;m_air_local_mg;zeta_air;f_air_Hz;amplitude_bout_mm;joue;perte_mode;lambda_f_entree;c_jet_entree;c_jet_plaquette;c_jet_sortie;f_jeu_Hz;ecart_cents;q_moyen_L_s;q_crete_L_s;facteur_crete;A_anche_eff_mm2;A_crete_mm2;p_ch_moy_pct;p_ch_crete_pct;p_ch_cc_pct;niveau_fond_dB;part_sup_500Hz_pct;centroide_Hz;t_parle_10_ms;t_parle_50_ms;t_parle_90_ms;periodes_10;periodes_90;t_dp90_ms;ecart_cents_air
8x12;1;1000;soupape;10;elmer;514.36;314.75;42.945;265.97;40;155.56;73.404;1094;0.004;1;0.42031;1;0;0;155.56;7.1151e-16;False;somme;0.0042727;0;4.1466e-06;0.00043296;;;;;;;;;;;;;;;;;;;;
8x12;1;1000;soupape;10;elmer;514.36;314.75;42.945;265.97;40;155.56;73.404;1094;0.004;1;0.42031;1;0;0;155.56;8.7414e-16;False;max;0.0042727;0;4.1466e-06;0.00043296;;;;;;;;;;;;;;;;;;;;
8x12;1;2000;soupape;10;elmer;514.36;314.75;42.945;265.97;40;155.56;73.404;1094;0.004;1;0.42031;1;0;0;155.56;1.8974e-15;False;somme;0.0042727;0;4.1466e-06;0.00043296;;;;;;;;;;;;;;;;;;;;
8x12;1;2000;soupape;10;elmer;514.36;314.75;42.945;265.97;40;155.56;73.404;1094;0.004;1;0.42031;1;0;0;155.56;1.8431e-15;False;max;0.0042727;0;4.1466e-06;0.00043296;;;;;;;;;;;;;;;;;;;;
8x12;2;1000;soupape;10;elmer;599.17;230.43;43.228;265.97;80;155.56;73.404;1094;0.004;1;0.42031;1;0;0;155.56;5.2855e-16;False;somme;0.0042727;0;4.1466e-06;0.00043296;;;;;;;;;;;;;;;;;;;;
8x12;2;1000;soupape;10;elmer;599.17;230.43;43.228;265.97;80;155.56;73.404;1094;0.004;1;0.42031;1;0;0;155.56;8.0949e-07;False;max;0.0042727;0;4.1466e-06;0.00043296;;;;;;;;;;;;;;;;;;;;
8x12;2;2000;soupape;10;elmer;599.17;230.43;43.228;265.97;80;155.56;73.404;1094;0.004;1;0.42031;1;0;0;155.56;5.15e-16;False;somme;0.0042727;0;4.1466e-06;0.00043296;;;;;;;;;;;;;;;;;;;;
8x12;2;2000;soupape;10;elmer;599.17;230.43;43.228;265.97;80;155.56;73.404;1094;0.004;1;0.42031;1;0;0;155.56;0.011041;False;max;0.0042727;0;4.1466e-06;0.00043296;;;;;;;;;;;;;;;;;;;;
8x12;3;1000;soupape;10;elmer;638.18;208.04;42.207;265.97;120;155.56;73.404;1094;0.004;1;0.42031;1;0;0;155.56;2.5897e-12;False;somme;0.0042727;0;4.1466e-06;0.00043296;;;;;;;;;;;;;;;;;;;;
8x12;3;1000;soupape;10;elmer;638.18;208.04;42.207;265.97;120;155.56;73.404;1094;0.004;1;0.42031;1;0;0;155.56;2.0352;True;max;0.0042727;0;4.1466e-06;0.00043296;151.27;-48.455;1.0368;2.2337;2.1544;39.07;84.175;31.384;78.015;138.18;63.987;29.2;385.45;636;940.75;1159.4;96.205;175.37;13.25;-48.455
8x12;3;2000;soupape;10;elmer;638.18;208.04;42.207;265.97;120;155.56;73.404;1094;0.004;1;0.42031;1;0;0;155.56;3.876e-15;False;somme;0.0042727;0;4.1466e-06;0.00043296;;;;;;;;;;;;;;;;;;;;
8x12;3;2000;soupape;10;elmer;638.18;208.04;42.207;265.97;120;155.56;73.404;1094;0.004;1;0.42031;1;0;0;155.56;2.0453;True;max;0.0042727;0;4.1466e-06;0.00043296;147.84;-88.156;1.4449;3.1483;2.1789;38.502;83.893;30.208;75.265;115.43;66.472;27.419;378.39;94.5;209.25;371.25;13.971;54.885;13.5;-88.156
8x12;4;1000;soupape;10;elmer;663.55;187.77;43.255;265.97;160;155.56;73.404;1094;0.004;1;0.42031;1;0;0;155.56;4.3484e-08;False;somme;0.0042727;0;4.1466e-06;0.00043296;;;;;;;;;;;;;;;;;;;;
8x12;4;1000;soupape;10;elmer;663.55;187.77;43.255;265.97;160;155.56;73.404;1094;0.004;1;0.42031;1;0;0;155.56;1.8195;True;max;0.0042727;0;4.1466e-06;0.00043296;151.07;-50.668;1.0517;2.1944;2.0865;39.633;82.696;31.032;75.15;127.56;63.685;32.373;390.69;503.5;973.88;1205.8;76.065;182.16;13.25;-50.668
8x12;4;2000;soupape;10;elmer;663.55;187.77;43.255;265.97;160;155.56;73.404;1094;0.004;1;0.42031;1;0;0;155.56;1.7317e-05;False;somme;0.0042727;0;4.1466e-06;0.00043296;;;;;;;;;;;;;;;;;;;;
8x12;4;2000;soupape;10;elmer;663.55;187.77;43.255;265.97;160;155.56;73.404;1094;0.004;1;0.42031;1;0;0;155.56;1.753;True;max;0.0042727;0;4.1466e-06;0.00043296;147.26;-94.932;1.4287;3.0439;2.1305;38.072;81.11;28.574;70.882;105.29;66.043;30.367;382.4;6.75;175.5;330.75;0.994;48.706;13.5;-94.932
8x12;6;1000;soupape;10;elmer;688.24;173.65;43.476;265.97;240;155.56;73.404;1094;0.004;1;0.42031;1;0;0;155.56;0.00021095;False;somme;0.0042727;0;4.1466e-06;0.00043296;;;;;;;;;;;;;;;;;;;;
8x12;6;1000;soupape;10;elmer;688.24;173.65;43.476;265.97;240;155.56;73.404;1094;0.004;1;0.42031;1;0;0;155.56;1.6573;True;max;0.0042727;0;4.1466e-06;0.00043296;150.9;-52.647;1.0462;2.1572;2.062;39.425;81.293;30.009;72.677;119.35;63.415;34.896;394.51;351.12;1119.6;1364.8;52.985;205.94;13.25;-52.647
8x12;6;2000;soupape;10;elmer;688.24;173.65;43.476;265.97;240;155.56;73.404;1094;0.004;1;0.42031;1;0;0;155.56;1.2617;True;somme;0.0042727;0;4.1466e-06;0.00043296;145.31;-117.95;1.3286;2.6895;2.0243;35.404;71.666;26.788;64.475;89.584;64.638;34.232;370.53;6.875;412.5;584.38;0.99904;84.918;13.75;-117.95
8x12;6;2000;soupape;10;elmer;688.24;173.65;43.476;265.97;240;155.56;73.404;1094;0.004;1;0.42031;1;0;0;155.56;1.5566;True;max;0.0042727;0;4.1466e-06;0.00043296;146.81;-100.19;1.406;2.959;2.1045;37.466;78.848;27.105;67.309;97.529;65.684;32.442;386.03;6.75;141.75;297;0.99099;43.603;13.5;-100.19
12x12;1;1000;soupape;10;elmer;576.72;248.59;43.25;265.97;48;155.56;73.404;1094;0.004;1;0.42031;1;0;0;155.56;8.0638e-16;False;somme;0.0042727;0;4.1466e-06;0.00043296;;;;;;;;;;;;;;;;;;;;
12x12;1;1000;soupape;10;elmer;576.72;248.59;43.25;265.97;48;155.56;73.404;1094;0.004;1;0.42031;1;0;0;155.56;7.6572e-16;False;max;0.0042727;0;4.1466e-06;0.00043296;;;;;;;;;;;;;;;;;;;;
12x12;1;2000;soupape;10;elmer;576.72;248.59;43.25;265.97;48;155.56;73.404;1094;0.004;1;0.42031;1;0;0;155.56;1.7076e-15;False;somme;0.0042727;0;4.1466e-06;0.00043296;;;;;;;;;;;;;;;;;;;;
12x12;1;2000;soupape;10;elmer;576.72;248.59;43.25;265.97;48;155.56;73.404;1094;0.004;1;0.42031;1;0;0;155.56;1.6399e-15;False;max;0.0042727;0;4.1466e-06;0.00043296;;;;;;;;;;;;;;;;;;;;
12x12;2;1000;soupape;10;elmer;674.32;180.73;43.516;265.97;96;155.56;73.404;1094;0.004;1;0.42031;1;0;0;155.56;4.5056e-11;False;somme;0.0042727;0;4.1466e-06;0.00043296;;;;;;;;;;;;;;;;;;;;
12x12;2;1000;soupape;10;elmer;674.32;180.73;43.516;265.97;96;155.56;73.404;1094;0.004;1;0.42031;1;0;0;155.56;1.7392;True;max;0.0042727;0;4.1466e-06;0.00043296;150.99;-51.623;1.0488;2.1768;2.0754;39.524;82.031;30.551;73.962;123.52;63.558;33.592;392.49;1477.4;2060.4;2298.9;223.07;347.11;13.25;-51.623
12x12;2;2000;soupape;10;elmer;674.32;180.73;43.516;265.97;96;155.56;73.404;1094;0.004;1;0.42031;1;0;0;155.56;9.6582e-12;False;somme;0.0042727;0;4.1466e-06;0.00043296;;;;;;;;;;;;;;;;;;;;
12x12;2;2000;soupape;10;elmer;674.32;180.73;43.516;265.97;96;155.56;73.404;1094;0.004;1;0.42031;1;0;0;155.56;1.6531;True;max;0.0042727;0;4.1466e-06;0.00043296;147.04;-97.539;1.4058;3.0024;2.1358;37.46;80.006;27.567;69.135;101.45;65.869;31.352;383.64;256.5;425.25;580.5;37.715;85.356;13.5;-97.539
12x12;3;1000;soupape;10;elmer;722.78;156.57;43.719;265.97;144;155.56;73.404;1094;0.004;1;0.42031;1;0;0;155.56;1.649;True;somme;0.0042727;0;4.1466e-06;0.00043296;151.11;-50.191;1.0851;2.2371;2.0617;40.892;84.305;28.555;69.994;113.99;63.69;35.755;402.44;761.88;1344.9;1590;115.13;240.27;13.25;-50.191
12x12;3;1000;soupape;10;elmer;722.78;156.57;43.719;265.97;144;155.56;73.404;1094;0.004;1;0.42031;1;0;0;155.56;3.02;True;max;0.0042727;0;4.1466e-06;0.00043296;152.8;-30.992;1.3419;3.1209;2.3257;50.568;117.61;26.011;77.426;155.13;67.131;52.374;513.03;188.5;331.5;578.5;28.803;88.395;13;-30.992
12x12;3;2000;soupape;10;elmer;722.78;156.57;43.719;265.97;144;155.56;73.404;1094;0.004;1;0.42031;1;0;0;155.56;1.5696;True;somme;0.0042727;0;4.1466e-06;0.00043296;147.28;-94.717;1.4483;3.0703;2.12;38.592;81.814;25.685;64.772;93.555;66.006;36.392;419.58;6.75;249.75;418.5;0.99413;61.636;13.5;-94.717
12x12;3;2000;soupape;10;elmer;722.78;156.57;43.719;265.97;144;155.56;73.404;1094;0.004;1;0.42031;1;0;0;155.56;3.4405;True;max;0.0042727;0;4.1466e-06;0.00043296;150.92;-52.449;1.9261;4.6106;2.3937;51.325;122.86;27.143;75.076;130.44;70.103;55.816;531.23;66.25;165.62;371;9.9983;55.991;13.25;-52.449
12x12;4;1000;soupape;10;elmer;751.98;144.64;43.724;265.97;192;155.56;73.404;1094;0.004;1;0.42031;1;0;0;155.56;1.9247;True;somme;0.0042727;0;4.1466e-06;0.00043296;151.77;-42.711;1.1663;2.4949;2.1392;43.951;94.02;26.911;68.98;117.62;64.76;40.851;458.14;251.75;549.88;795;38.208;120.66;13.25;-42.711
12x12;4;1000;soupape;10;elmer;751.98;144.64;43.724;265.97;192;155.56;73.404;1094;0.004;1;0.42031;1;0;0;155.56;2.8186;True;max;0.0042727;0;4.1466e-06;0.00043296;152.73;-31.73;1.3318;3.0949;2.3239;50.188;116.63;25.436;77.465;147.61;66.975;54.087;533.06;156;318.5;572;23.827;87.364;13;-31.73
12x12;4;2000;soupape;10;elmer;751.98;144.64;43.724;265.97;192;155.56;73.404;1094;0.004;1;0.42031;1;0;0;155.56;2.0176;True;somme;0.0042727;0;4.1466e-06;0.00043296;148.81;-76.852;1.5866;3.5286;2.224;42.279;94.026;25.795;67.009;100.72;67.422;47.834;508.18;6.75;168.75;371.25;1.0044;55.244;13.5;-76.852
12x12;4;2000;soupape;10;elmer;751.98;144.64;43.724;265.97;192;155.56;73.404;1094;0.004;1;0.42031;1;0;0;155.56;3.2346;True;max;0.0042727;0;4.1466e-06;0.00043296;150.8;-53.785;1.9269;4.5557;2.3642;51.347;121.4;26.822;72.077;122.54;69.961;56.856;544.11;46.375;152.38;357.75;6.9934;53.949;13.25;-53.785
12x12;6;1000;soupape;10;elmer;783.82;132.22;44.021;265.97;288;155.56;73.404;1094;0.004;1;0.42031;1;0;0;155.56;2.1801;True;somme;0.0042727;0;4.1466e-06;0.00043296;152.23;-37.427;1.2402;2.7478;2.2156;46.737;103.55;25.619;67.721;119.38;65.706;49.258;524.86;139.12;377.62;642.62;21.179;97.829;13.25;-37.427
12x12;6;1000;soupape;10;elmer;783.82;132.22;44.021;265.97;288;155.56;73.404;1094;0.004;1;0.42031;1;0;0;155.56;2.6203;True;max;0.0042727;0;4.1466e-06;0.00043296;152.67;-32.435;1.3266;3.0595;2.3062;49.993;115.3;24.851;75.202;137.18;66.801;54.55;548.59;104;292.5;552.5;15.878;84.352;13;-32.435
12x12;6;2000;soupape;10;elmer;783.82;132.22;44.021;265.97;288;155.56;73.404;1094;0.004;1;0.42031;1;0;0;155.56;2.4093;True;somme;0.0042727;0;4.1466e-06;0.00043296;149.79;-65.411;1.7266;3.9569;2.2917;46.008;105.44;25.564;67.633;104.6;68.548;53.733;544.73;6.625;139.12;351.12;0.99237;52.596;13.25;-65.411
12x12;6;2000;soupape;10;elmer;783.82;132.22;44.021;265.97;288;155.56;73.404;1094;0.004;1;0.42031;1;0;0;155.56;3.0169;True;max;0.0042727;0;4.1466e-06;0.00043296;150.68;-55.137;1.9035;4.487;2.3572;50.722;119.56;25.927;69.884;114.96;69.786;56.466;550.34;6.625;139.12;344.5;0.99828;51.911;13.25;-55.137
15x15;1;1000;soupape;10;elmer;674.68;179.06;43.876;265.97;60;155.56;73.404;1094;0.004;1;0.42031;1;0;0;155.56;4.3368e-16;False;somme;0.0042727;0;4.1466e-06;0.00043296;;;;;;;;;;;;;;;;;;;;
15x15;1;1000;soupape;10;elmer;674.68;179.06;43.876;265.97;60;155.56;73.404;1094;0.004;1;0.42031;1;0;0;155.56;3.8625e-16;False;max;0.0042727;0;4.1466e-06;0.00043296;;;;;;;;;;;;;;;;;;;;
15x15;1;2000;soupape;10;elmer;674.68;179.06;43.876;265.97;60;155.56;73.404;1094;0.004;1;0.42031;1;0;0;155.56;5.9631e-16;False;somme;0.0042727;0;4.1466e-06;0.00043296;;;;;;;;;;;;;;;;;;;;
15x15;1;2000;soupape;10;elmer;674.68;179.06;43.876;265.97;60;155.56;73.404;1094;0.004;1;0.42031;1;0;0;155.56;7.0473e-16;False;max;0.0042727;0;4.1466e-06;0.00043296;;;;;;;;;;;;;;;;;;;;
15x15;2;1000;soupape;10;elmer;780.21;132.51;44.333;265.97;120;155.56;73.404;1094;0.004;1;0.42031;1;0;0;155.56;1.4403;True;somme;0.0042727;0;4.1466e-06;0.00043296;151.01;-51.373;1.1012;2.2239;2.0195;41.5;83.807;26.212;64.29;98.661;63.462;36.199;402.7;1484;2451.2;2736.1;224.1;413.19;13.25;-51.373
15x15;2;1000;soupape;10;elmer;780.21;132.51;44.333;265.97;120;155.56;73.404;1094;0.004;1;0.42031;1;0;0;155.56;1.8996;True;max;0.0042727;0;4.1466e-06;0.00043296;151.87;-41.557;1.1884;2.5519;2.1473;44.786;96.168;25.856;66.709;112.06;64.939;43.81;487.67;437.25;735.38;1000.4;66.405;151.93;13.25;-41.557
15x15;2;2000;soupape;10;elmer;780.21;132.51;44.333;265.97;120;155.56;73.404;1094;0.004;1;0.42031;1;0;0;155.56;1.4108;True;somme;0.0042727;0;4.1466e-06;0.00043296;147.24;-95.129;1.4343;3.0495;2.1261;38.219;81.259;23.101;59.364;82.55;65.854;40.076;456.73;6.75;357.75;546.75;0.99389;80.505;13.5;-95.129
15x15;2;2000;soupape;10;elmer;780.21;132.51;44.333;265.97;120;155.56;73.404;1094;0.004;1;0.42031;1;0;0;155.56;2.0425;True;max;0.0042727;0;4.1466e-06;0.00043296;149.06;-73.84;1.6115;3.6302;2.2527;42.942;96.734;24.862;65.493;97.521;67.683;50.87;532.83;101.25;243;452.25;15.093;67.414;13.5;-73.84
15x15;3;1000;soupape;10;elmer;833.94;115.45;44.538;265.97;180;155.56;73.404;1094;0.004;1;0.42031;1;0;0;155.56;2.2521;True;somme;0.0042727;0;4.1466e-06;0.00043296;152.49;-34.455;1.2986;2.9212;2.2495;48.936;110.08;24.002;66.224;114.76;66.26;53.021;560.56;221;455;741;33.701;113;13;-34.455
15x15;3;1000;soupape;10;elmer;833.94;115.45;44.538;265.97;180;155.56;73.404;1094;0.004;1;0.42031;1;0;0;155.56;3.2839;True;max;0.0042727;0;4.1466e-06;0.00043296;153.27;-25.655;1.5472;3.6812;2.3793;58.305;138.72;22.726;79.27;151.02;68.565;58.328;571.08;169;351;637;25.903;97.634;13;-25.655
15x15;3;2000;soupape;10;elmer;833.94;115.45;44.538;265.97;180;155.56;73.404;1094;0.004;1;0.42031;1;0;0;155.56;2.5495;True;somme;0.0042727;0;4.1466e-06;0.00043296;150.31;-59.379;1.8314;4.2395;2.3149;48.801;112.97;24.318;65.436;101.13;69.169;53.758;549.42;6.625;185.5;404.12;0.99584;60.746;13.25;-59.379
15x15;3;2000;soupape;10;elmer;833.94;115.45;44.538;265.97;180;155.56;73.404;1094;0.004;1;0.42031;1;0;0;155.56;4.0321;True;max;0.0042727;0;4.1466e-06;0.00043296;151.84;-41.942;2.2916;5.5418;2.4183;61.064;147.67;24.873;69.199;123.69;71.769;57.486;558.97;59.625;192.12;437.25;9.0533;66.391;13.25;-41.942
15x15;4;1000;soupape;10;elmer;867.13;106.46;44.674;265.97;240;155.56;73.404;1094;0.004;1;0.42031;1;0;0;155.56;2.7069;True;somme;0.0042727;0;4.1466e-06;0.00043296;153;-28.675;1.4493;3.3446;2.3077;54.616;126.04;22.726;66.778;122.06;67.553;54.865;568.41;156;364;663;23.869;101.44;13;-28.675
15x15;4;1000;soupape;10;elmer;867.13;106.46;44.674;265.97;240;155.56;73.404;1094;0.004;1;0.42031;1;0;0;155.56;4.2026;True;max;0.0042727;0;4.1466e-06;0.00043296;153.74;-20.388;1.8178;4.4218;2.4325;68.503;166.63;20.728;74.621;163.06;70.292;60.54;593.15;143;331.5;656.5;21.985;100.93;13;-20.388
15x15;4;2000;soupape;10;elmer;867.13;106.46;44.674;265.97;240;155.56;73.404;1094;0.004;1;0.42031;1;0;0;155.56;3.1849;True;somme;0.0042727;0;4.1466e-06;0.00043296;151.27;-48.395;2.0925;4.9404;2.361;55.758;131.65;23.858;65.671;107.43;70.604;53.584;550.93;39.75;172.25;417.38;6.0131;63.137;13.25;-48.395
15x15;4;2000;soupape;10;elmer;867.13;106.46;44.674;265.97;240;155.56;73.404;1094;0.004;1;0.42031;1;0;0;155.56;4.6797;True;max;0.0042727;0;4.1466e-06;0.00043296;152.53;-34.009;2.7648;6.5408;2.3658;73.673;174.29;21.83;63.868;128.52;72.78;48.36;591.73;52;175.5;351;7.9318;53.539;13;-34.009
15x15;6;1000;soupape;10;elmer;904.73;96.838;45.115;265.97;360;155.56;73.404;1094;0.004;1;0.42031;1;0;0;155.56;3.1235;True;somme;0.0042727;0;4.1466e-06;0.00043296;153.39;-24.296;1.5976;3.777;2.3641;60.206;142.33;20.856;60.991;121;68.647;54.489;574.29;117;331.5;650;17.947;99.705;13;-24.296
15x15;6;1000;soupape;10;elmer;904.73;96.838;45.115;265.97;360;155.56;73.404;1094;0.004;1;0.42031;1;0;0;155.56;3.9054;True;max;0.0042727;0;4.1466e-06;0.00043296;153.74;-20.408;1.8143;4.3658;2.4063;68.372;164.52;20.052;65.036;141.59;70.043;58.166;599.26;123.5;318.5;663;18.987;101.93;13;-20.408
15x15;6;2000;soupape;10;elmer;904.73;96.838;45.115;265.97;360;155.56;73.404;1094;0.004;1;0.42031;1;0;0;155.56;3.7582;True;somme;0.0042727;0;4.1466e-06;0.00043296;151.94;-40.744;2.3444;5.6462;2.4083;62.471;150.45;22.611;64.176;110.56;71.813;54.385;575.82;33.125;172.25;450.5;5.0331;68.45;13.25;-40.744
15x15;6;2000;soupape;10;elmer;904.73;96.838;45.115;265.97;360;155.56;73.404;1094;0.004;1;0.42031;1;0;0;155.56;4.509;True;max;0.0042727;0;4.1466e-06;0.00043296;152.52;-34.222;2.6953;6.4994;2.4114;71.822;173.19;21.37;62.533;120.14;72.882;56.839;647.02;39;175.5;390;5.9481;59.481;13;-34.222
20x15;1;1000;soupape;10;elmer;757.77;140.39;44.362;265.97;70;155.56;73.404;1094;0.004;1;0.42031;1;0;0;155.56;2.9816e-16;False;somme;0.0042727;0;4.1466e-06;0.00043296;;;;;;;;;;;;;;;;;;;;
20x15;1;1000;soupape;10;elmer;757.77;140.39;44.362;265.97;70;155.56;73.404;1094;0.004;1;0.42031;1;0;0;155.56;2.4395e-16;False;max;0.0042727;0;4.1466e-06;0.00043296;;;;;;;;;;;;;;;;;;;;
20x15;1;2000;soupape;10;elmer;757.77;140.39;44.362;265.97;70;155.56;73.404;1094;0.004;1;0.42031;1;0;0;155.56;4.6079e-16;False;somme;0.0042727;0;4.1466e-06;0.00043296;;;;;;;;;;;;;;;;;;;;
20x15;1;2000;soupape;10;elmer;757.77;140.39;44.362;265.97;70;155.56;73.404;1094;0.004;1;0.42031;1;0;0;155.56;4.6079e-16;False;max;0.0042727;0;4.1466e-06;0.00043296;;;;;;;;;;;;;;;;;;;;
20x15;2;1000;soupape;10;elmer;867.57;105.83;44.896;265.97;140;155.56;73.404;1094;0.004;1;0.42031;1;0;0;155.56;1.6963;True;somme;0.0042727;0;4.1466e-06;0.00043296;151.91;-41.069;1.2084;2.5682;2.1254;45.537;96.782;23.445;60.43;94.192;64.877;46.9;537.13;463.75;887.75;1225.6;70.45;186.19;13.25;-41.069
20x15;2;1000;soupape;10;elmer;867.57;105.83;44.896;265.97;140;155.56;73.404;1094;0.004;1;0.42031;1;0;0;155.56;2.0648;True;max;0.0042727;0;4.1466e-06;0.00043296;152.41;-35.36;1.2949;2.8548;2.2047;48.796;107.58;23.347;61.96;103.48;65.974;51.86;564.57;325;611;910;49.535;138.7;13;-35.36
20x15;2;2000;soupape;10;elmer;867.57;105.83;44.896;265.97;140;155.56;73.404;1094;0.004;1;0.42031;1;0;0;155.56;1.8419;True;somme;0.0042727;0;4.1466e-06;0.00043296;149.2;-72.224;1.6336;3.6447;2.231;43.531;97.12;22.334;59.211;84.102;67.625;50.591;546.72;6.75;249.75;479.25;1.0071;71.506;13.5;-72.224
20x15;2;2000;soupape;10;elmer;867.57;105.83;44.896;265.97;140;155.56;73.404;1094;0.004;1;0.42031;1;0;0;155.56;2.3043;True;max;0.0042727;0;4.1466e-06;0.00043296;150.14;-61.378;1.7878;4.1137;2.301;47.639;109.62;22.932;62.133;92.877;68.824;51.526;544.55;79.5;225.25;450.5;11.936;67.639;13.25;-61.378
20x15;3;1000;soupape;10;elmer;923.33;92.536;45.33;265.97;210;155.56;73.404;1094;0.004;1;0.42031;1;0;0;155.56;2.5638;True;somme;0.0042727;0;4.1466e-06;0.00043296;153.1;-27.643;1.48;3.39;2.2906;55.772;127.75;21.03;59.134;106.03;67.564;51.42;562.82;188.5;429;747.5;28.859;114.44;13;-27.643
20x15;3;1000;soupape;10;elmer;923.33;92.536;45.33;265.97;210;155.56;73.404;1094;0.004;1;0.42031;1;0;0;155.56;3.4224;True;max;0.0042727;0;4.1466e-06;0.00043296;153.6;-21.992;1.7152;4.0757;2.3762;64.637;153.59;19.983;59.528;123.67;69.328;55.187;588.73;175.5;383.5;721.5;26.956;110.82;13;-21.992
20x15;3;2000;soupape;10;elmer;923.33;92.536;45.33;265.97;210;155.56;73.404;1094;0.004;1;0.42031;1;0;0;155.56;2.9741;True;somme;0.0042727;0;4.1466e-06;0.00043296;151.37;-47.322;2.0947;4.9805;2.3777;55.816;132.71;21.552;61.013;96.948;70.581;50.667;558.48;46.375;198.75;457.12;7.0196;69.193;13.25;-47.322
20x15;3;2000;soupape;10;elmer;923.33;92.536;45.33;265.97;210;155.56;73.404;1094;0.004;1;0.42031;1;0;0;155.56;4.1896;True;max;0.0042727;0;4.1466e-06;0.00043296;152.3;-36.71;2.5214;6.146;2.4375;67.187;163.77;21.926;63.279;113.63;72.584;56.627;606.22;59.625;212;496.88;9.0807;75.672;13.25;-36.71
20x15;4;1000;soupape;10;elmer;958.55;85.756;45.386;265.97;280;155.56;73.404;1094;0.004;1;0.42031;1;0;0;155.56;3.0707;True;somme;0.0042727;0;4.1466e-06;0.00043296;153.52;-22.829;1.6626;3.9087;2.3509;62.656;147.3;19.337;56.871;110.64;68.849;52.204;586.7;149.5;377;721.5;22.952;110.77;13;-22.829
20x15;4;1000;soupape;10;elmer;958.55;85.756;45.386;265.97;280;155.56;73.404;1094;0.004;1;0.42031;1;0;0;155.56;4.4612;True;max;0.0042727;0;4.1466e-06;0.00043296;154.05;-16.925;2.0581;5.0563;2.4568;77.559;190.54;16.976;71.655;154.24;71.25;62.809;683.67;156;370.5;721.5;24.031;111.14;13;-16.925
20x15;4;2000;soupape;10;elmer;958.55;85.756;45.386;265.97;280;155.56;73.404;1094;0.004;1;0.42031;1;0;0;155.56;3.7324;True;somme;0.0042727;0;4.1466e-06;0.00043296;152.13;-38.635;2.4209;5.8677;2.4237;64.511;156.36;20.978;60.514;103.27;72.093;55.96;625.11;46.375;198.75;490.25;7.0549;74.58;13.25;-38.635
20x15;4;2000;soupape;10;elmer;958.55;85.756;45.386;265.97;280;155.56;73.404;1094;0.004;1;0.42031;1;0;0;155.56;4.8833;True;max;0.0042727;0;4.1466e-06;0.00043296;152.98;-28.98;3.1316;7.4528;2.3799;83.447;198.59;18.017;68.408;128.95;73.629;62.827;725.46;52;201.5;377;7.9548;57.673;13;-28.98
20x15;6;1000;soupape;10;elmer;999.03;78.092;45.883;265.97;420;155.56;73.404;1094;0.004;1;0.42031;1;0;0;155.56;3.5478;True;somme;0.0042727;0;4.1466e-06;0.00043296;153.84;-19.297;1.8398;4.4552;2.4216;69.33;167.89;17.255;53.35;111.86;70.011;56.599;651.02;130;364;747.5;19.999;114.99;13;-19.297
20x15;6;1000;soupape;10;elmer;999.03;78.092;45.883;265.97;420;155.56;73.404;1094;0.004;1;0.42031;1;0;0;155.56;4.4385;True;max;0.0042727;0;4.1466e-06;0.00043296;154.11;-16.173;2.1058;5.2314;2.4843;79.356;197.14;15.698;71.457;147.67;71.503;64.915;722.51;136.5;370.5;747.5;21.037;115.2;13;-16.173
20x15;6;2000;soupape;10;elmer;999.03;78.092;45.883;265.97;420;155.56;73.404;1094;0.004;1;0.42031;1;0;0;155.56;4.3798;True;somme;0.0042727;0;4.1466e-06;0.00043296;152.66;-32.596;2.7575;6.765;2.4533;73.478;180.27;19.538;63.859;111.44;73.287;67.192;753.06;39;208;481;5.9537;73.429;13;-32.596
20x15;6;2000;soupape;10;elmer;999.03;78.092;45.883;265.97;420;155.56;73.404;1094;0.004;1;0.42031;1;0;0;155.56;4.9229;True;max;0.0042727;0;4.1466e-06;0.00043296;153.11;-27.482;3.2403;7.7373;2.3878;86.343;206.18;16.951;71.189;127.92;73.9;64.921;750.97;39;201.5;390;5.9713;59.713;13;-27.482
