trou;levee_soupape_mm;P_Pa;scenario;t_ouv_ms;reseau;f_H_Hz;L_kg_m4;V_eff_cm3;R;A_rideau_mm2;f1_Hz;L_libre_mm;k_eff_N_m;zeta;levee_anche_mm;fleche_2kPa_mm;x0_um;m_air_local_mg;zeta_air;f_air_Hz;amplitude_bout_mm;joue;f_jeu_Hz;ecart_cents;q_moyen_L_s;q_crete_L_s;facteur_crete;A_anche_eff_mm2;A_crete_mm2;p_ch_moy_pct;p_ch_crete_pct;p_ch_cc_pct;niveau_fond_dB;part_sup_500Hz_pct;centroide_Hz;t_parle_10_ms;t_parle_50_ms;t_parle_90_ms;periodes_10;periodes_90;t_dp90_ms;ecart_cents_air;variante;perte_mode
12x12;3;1000;soupape;10;elmer;722.78;156.57;43.719;265.97;144;155.56;73.404;1094;0.004;1;0.42031;1;0;0;155.56;1.649;True;151.11;-50.191;1.0851;2.2371;2.0617;40.892;84.305;28.555;69.994;113.99;63.69;35.755;402.44;761.88;1344.9;1590;115.13;240.27;13.25;-50.191;aval 0;somme
12x12;3;1000;soupape;10;elmer;722.78;156.57;43.719;265.97;144;155.56;73.404;1094;0.004;1;0.42031;1;0;0;155.56;3.02;True;152.8;-30.992;1.3419;3.1209;2.3257;50.568;117.61;26.011;77.426;155.13;67.131;52.374;513.03;188.5;331.5;578.5;28.803;88.395;13;-30.992;aval 0;max
12x12;3;1000;soupape;10;elmer;722.78;156.57;43.719;265.97;144;155.56;73.404;1094;0.004;1;0.42031;1;0;0;155.56;0.00086304;False;;;;;;;;;;;;;;;;;;;;;aval +0,43 (grossier);somme
12x12;3;1000;soupape;10;elmer;722.78;156.57;43.719;265.97;144;155.56;73.404;1094;0.004;1;0.42031;1;0;0;155.56;2.3058;True;152.42;-35.268;1.3049;2.9207;2.2383;49.174;110.07;23.012;64.955;133.6;66.358;47.875;487.05;221;403;630.5;33.685;96.103;13;-35.268;aval +0,43 (grossier);max
12x12;3;1000;soupape;10;elmer;722.78;156.57;43.719;265.97;144;155.56;73.404;1094;0.004;1;0.42031;1;0;0;155.56;1.94;True;151.5;-45.797;1.0941;2.3273;2.1272;41.231;87.705;30.02;74.375;121.64;64.122;35.216;417.69;457.12;801.62;1046.8;69.254;158.58;13.25;-45.797;aval -0,24 (fin);somme
12x12;3;1000;soupape;10;elmer;722.78;156.57;43.719;265.97;144;155.56;73.404;1094;0.004;1;0.42031;1;0;0;155.56;3.4707;True;153;-28.747;1.3521;3.2174;2.3795;50.955;121.24;27.191;83.157;163.54;67.507;52.925;515.01;169;312;559;25.857;85.526;13;-28.747;aval -0,24 (fin);max
12x12;3;2000;soupape;10;elmer;722.78;156.57;43.719;265.97;144;155.56;73.404;1094;0.004;1;0.42031;1;0;0;155.56;1.5696;True;147.28;-94.717;1.4483;3.0703;2.12;38.592;81.814;25.685;64.772;93.555;66.006;36.392;419.58;6.75;249.75;418.5;0.99413;61.636;13.5;-94.717;aval 0;somme
12x12;3;2000;soupape;10;elmer;722.78;156.57;43.719;265.97;144;155.56;73.404;1094;0.004;1;0.42031;1;0;0;155.56;3.4405;True;150.92;-52.449;1.9261;4.6106;2.3937;51.325;122.86;27.143;75.076;130.44;70.103;55.816;531.23;66.25;165.62;371;9.9983;55.991;13.25;-52.449;aval 0;max
12x12;3;2000;soupape;10;elmer;722.78;156.57;43.719;265.97;144;155.56;73.404;1094;0.004;1;0.42031;1;0;0;155.56;1.2607;True;146.45;-104.5;1.3888;2.8823;2.0753;37.008;76.804;22.829;57.819;82.433;65.302;33.815;381.1;6.875;343.75;501.87;1.0068;73.498;13.75;-104.5;aval +0,43 (grossier);somme
12x12;3;2000;soupape;10;elmer;722.78;156.57;43.719;265.97;144;155.56;73.404;1094;0.004;1;0.42031;1;0;0;155.56;2.8177;True;150.43;-57.999;1.8516;4.3728;2.3616;49.34;116.52;24.544;68.726;120.4;69.545;55.339;528.45;59.625;165.62;357.75;8.9697;53.818;13.25;-57.999;aval +0,43 (grossier);max
12x12;3;2000;soupape;10;elmer;722.78;156.57;43.719;265.97;144;155.56;73.404;1094;0.004;1;0.42031;1;0;0;155.56;1.7834;True;147.77;-88.942;1.4729;3.1798;2.1588;39.249;84.731;27.208;68.735;99.42;66.387;38.183;439.82;6.75;229.5;405;0.99745;59.847;13.5;-88.942;aval -0,24 (fin);somme
12x12;3;2000;soupape;10;elmer;722.78;156.57;43.719;265.97;144;155.56;73.404;1094;0.004;1;0.42031;1;0;0;155.56;3.8437;True;151.19;-49.274;1.9639;4.7373;2.4121;52.333;126.23;28.521;78.076;134.69;70.389;55.44;529.73;66.25;165.62;377.62;10.017;57.095;13.25;-49.274;aval -0,24 (fin);max
20x15;3;1000;soupape;10;elmer;923.33;92.536;45.33;265.97;210;155.56;73.404;1094;0.004;1;0.42031;1;0;0;155.56;2.5638;True;153.1;-27.643;1.48;3.39;2.2906;55.772;127.75;21.03;59.134;106.03;67.564;51.42;562.82;188.5;429;747.5;28.859;114.44;13;-27.643;aval 0;somme
20x15;3;1000;soupape;10;elmer;923.33;92.536;45.33;265.97;210;155.56;73.404;1094;0.004;1;0.42031;1;0;0;155.56;3.4224;True;153.6;-21.992;1.7152;4.0757;2.3762;64.637;153.59;19.983;59.528;123.67;69.328;55.187;588.73;175.5;383.5;721.5;26.956;110.82;13;-21.992;aval 0;max
20x15;3;1000;soupape;10;elmer;923.33;92.536;45.33;265.97;210;155.56;73.404;1094;0.004;1;0.42031;1;0;0;155.56;1.7113;True;152.76;-31.501;1.3472;2.9622;2.1987;50.77;111.63;16.312;49.425;80.751;66.128;47.977;551.07;234;643.5;1001;35.745;152.91;13;-31.501;aval +0,43 (grossier);somme
20x15;3;1000;soupape;10;elmer;923.33;92.536;45.33;265.97;210;155.56;73.404;1094;0.004;1;0.42031;1;0;0;155.56;2.3267;True;153.35;-24.731;1.5364;3.5778;2.3286;57.9;134.83;15.257;50.167;95.58;67.948;50.987;558.22;208;481;832;31.898;127.59;13;-24.731;aval +0,43 (grossier);max
20x15;3;1000;soupape;10;elmer;923.33;92.536;45.33;265.97;210;155.56;73.404;1094;0.004;1;0.42031;1;0;0;155.56;3.1365;True;153.29;-25.469;1.5481;3.6014;2.3264;58.339;135.72;23.649;65.759;119.48;68.2;51.825;565.89;175.5;383.5;708.5;26.902;108.6;13;-25.469;aval -0,24 (fin);somme
20x15;3;1000;soupape;10;elmer;923.33;92.536;45.33;265.97;210;155.56;73.404;1094;0.004;1;0.42031;1;0;0;155.56;4.1793;True;153.75;-20.304;1.7967;4.3202;2.4046;67.706;162.8;22.547;65.994;138.64;69.967;56.583;601.14;169;357.5;708.5;25.983;108.93;13;-20.304;aval -0,24 (fin);max
20x15;3;2000;soupape;10;elmer;923.33;92.536;45.33;265.97;210;155.56;73.404;1094;0.004;1;0.42031;1;0;0;155.56;2.9741;True;151.37;-47.322;2.0947;4.9805;2.3777;55.816;132.71;21.552;61.013;96.948;70.581;50.667;558.48;46.375;198.75;457.12;7.0196;69.193;13.25;-47.322;aval 0;somme
20x15;3;2000;soupape;10;elmer;923.33;92.536;45.33;265.97;210;155.56;73.404;1094;0.004;1;0.42031;1;0;0;155.56;4.1896;True;152.3;-36.71;2.5214;6.146;2.4375;67.187;163.77;21.926;63.279;113.63;72.584;56.627;606.22;59.625;212;496.88;9.0807;75.672;13.25;-36.71;aval 0;max
20x15;3;2000;soupape;10;elmer;923.33;92.536;45.33;265.97;210;155.56;73.404;1094;0.004;1;0.42031;1;0;0;155.56;2.2364;True;151.01;-51.441;1.9294;4.5109;2.3379;51.413;120.2;17.685;50.809;79.64;69.572;48.492;538.32;6.625;205.38;443.88;1.0004;67.028;13.25;-51.441;aval +0,43 (grossier);somme
20x15;3;2000;soupape;10;elmer;923.33;92.536;45.33;265.97;210;155.56;73.404;1094;0.004;1;0.42031;1;0;0;155.56;3.1344;True;151.98;-40.266;2.3018;5.5874;2.4274;61.336;148.89;17.857;53.246;94.376;71.587;53.708;580.54;53;212;477;8.0551;72.496;13.25;-40.266;aval +0,43 (grossier);max
20x15;3;2000;soupape;10;elmer;923.33;92.536;45.33;265.97;210;155.56;73.404;1094;0.004;1;0.42031;1;0;0;155.56;3.4881;True;151.61;-44.492;2.199;5.2297;2.3783;58.596;139.36;23.968;66.417;105.75;71.086;51.406;566.77;53;198.75;470.38;8.0355;71.315;13.25;-44.492;aval -0,24 (fin);somme
20x15;3;2000;soupape;10;elmer;923.33;92.536;45.33;265.97;210;155.56;73.404;1094;0.004;1;0.42031;1;0;0;155.56;4.5301;True;152.42;-35.324;2.6397;6.287;2.3817;70.341;167.53;23.201;65.782;118.28;72.564;57.505;668.47;58.5;195;416;8.9165;63.406;13;-35.324;aval -0,24 (fin);max
12x12;6;1000;soupape;10;elmer;783.82;132.22;44.021;265.97;288;155.56;73.404;1094;0.004;1;0.42031;1;0;0;155.56;2.1801;True;152.23;-37.427;1.2402;2.7478;2.2156;46.737;103.55;25.619;67.721;119.38;65.706;49.258;524.86;139.12;377.62;642.62;21.179;97.829;13.25;-37.427;aval 0;somme
12x12;6;1000;soupape;10;elmer;783.82;132.22;44.021;265.97;288;155.56;73.404;1094;0.004;1;0.42031;1;0;0;155.56;2.6203;True;152.67;-32.435;1.3266;3.0595;2.3062;49.993;115.3;24.851;75.202;137.18;66.801;54.55;548.59;104;292.5;552.5;15.878;84.352;13;-32.435;aval 0;max
12x12;6;1000;soupape;10;elmer;783.82;132.22;44.021;265.97;288;155.56;73.404;1094;0.004;1;0.42031;1;0;0;155.56;1.542;True;151.7;-43.478;1.198;2.4961;2.0836;45.145;94.064;21.75;57.077;96.739;64.609;38.065;432.34;165.62;596.25;854.62;25.126;129.65;13.25;-43.478;aval +0,43 (grossier);somme
12x12;6;1000;soupape;10;elmer;783.82;132.22;44.021;265.97;288;155.56;73.404;1094;0.004;1;0.42031;1;0;0;155.56;1.9165;True;152.27;-37.063;1.2817;2.8033;2.1873;48.298;105.64;21.44;58.678;109.13;65.818;47.732;509.32;106;371;636;16.14;96.841;13.25;-37.063;aval +0,43 (grossier);max
12x12;6;1000;soupape;10;elmer;783.82;132.22;44.021;265.97;288;155.56;73.404;1094;0.004;1;0.42031;1;0;0;155.56;2.5756;True;152.5;-34.423;1.261;2.8708;2.2767;47.519;108.19;27.496;72.629;128.3;66.185;51.375;536.7;136.5;325;591.5;20.816;90.202;13;-34.423;aval -0,24 (fin);somme
12x12;6;1000;soupape;10;elmer;783.82;132.22;44.021;265.97;288;155.56;73.404;1094;0.004;1;0.42031;1;0;0;155.56;3.0561;True;152.89;-30.02;1.3528;3.1834;2.3532;50.979;119.96;26.538;80.632;146.58;67.242;55.258;548.73;104;266.5;533;15.9;81.488;13;-30.02;aval -0,24 (fin);max
12x12;6;2000;soupape;10;elmer;783.82;132.22;44.021;265.97;288;155.56;73.404;1094;0.004;1;0.42031;1;0;0;155.56;2.4093;True;149.79;-65.411;1.7266;3.9569;2.2917;46.008;105.44;25.564;67.633;104.6;68.548;53.733;544.73;6.625;139.12;351.12;0.99237;52.596;13.25;-65.411;aval 0;somme
12x12;6;2000;soupape;10;elmer;783.82;132.22;44.021;265.97;288;155.56;73.404;1094;0.004;1;0.42031;1;0;0;155.56;3.0169;True;150.68;-55.137;1.9035;4.487;2.3572;50.722;119.56;25.927;69.884;114.96;69.786;56.466;550.34;6.625;139.12;344.5;0.99828;51.911;13.25;-55.137;aval 0;max
12x12;6;2000;soupape;10;elmer;783.82;132.22;44.021;265.97;288;155.56;73.404;1094;0.004;1;0.42031;1;0;0;155.56;1.9073;True;149.21;-72.147;1.6387;3.6896;2.2515;43.667;98.318;22.303;59.84;92.235;67.812;51.868;536.39;6.75;141.75;351;1.0072;52.373;13.5;-72.147;aval +0,43 (grossier);somme
12x12;6;2000;soupape;10;elmer;783.82;132.22;44.021;265.97;288;155.56;73.404;1094;0.004;1;0.42031;1;0;0;155.56;2.4225;True;150.2;-60.731;1.8127;4.2094;2.3221;48.303;112.17;22.935;62.712;103.25;69.121;56.042;551.27;6.625;132.5;337.88;0.99506;50.748;13.25;-60.731;aval +0,43 (grossier);max
12x12;6;2000;soupape;10;elmer;783.82;132.22;44.021;265.97;288;155.56;73.404;1094;0.004;1;0.42031;1;0;0;155.56;2.7303;True;150.13;-61.537;1.7666;4.0968;2.3191;47.073;109.17;27.174;71.542;110.33;68.907;53.792;543.73;6.625;145.75;357.75;0.9946;53.708;13.25;-61.537;aval -0,24 (fin);somme
12x12;6;2000;soupape;10;elmer;783.82;132.22;44.021;265.97;288;155.56;73.404;1094;0.004;1;0.42031;1;0;0;155.56;3.4013;True;150.97;-51.866;1.9519;4.6346;2.3744;52.012;123.5;27.575;73.488;120.11;70.117;56.141;547.4;26.5;139.12;357.75;4.0007;54.009;13.25;-51.866;aval -0,24 (fin);max
