trou;trou_mm;A_trou_mm2;levee_mm;noeuds;h_mm;h_fin_mm;h_dehors_mm;solveur;duree_maillage_s;duree_s;l_eff_elmer_mm;l_eff_note_mm;L_elmer_kg_m4;L_note_kg_m4;f_H_elmer_Hz;f_H_note_Hz;V_eff_cm3;V_geom_cm3;R_Pa_s_m3;L_fente_kg_m4;A_rideau_mm2;levee_critique_mm;ecart_ajust;elmer
8x12;[8.0, 12.0];96;1;58241;4;1;6;iteratif;2.4;160.9;25.1804;13.8447;314.755;173.058;514.355;718.752;42.9449;40.608;31440.4;14.1396;40;2.4;0.00109824;26.2
8x12;[8.0, 12.0];96;2;58628;4;1;6;iteratif;2.6;177;18.4345;13.8447;230.431;173.058;599.174;718.752;43.2278;40.608;31896.7;14.5562;80;2.4;0.00400045;26.2
8x12;[8.0, 12.0];96;3;59308;4;1;6;iteratif;2.4;169.5;16.6429;13.8447;208.037;173.058;638.182;718.752;42.2067;40.608;31429.9;3.11545e-10;120;2.4;0.0322772;26.2
8x12;[8.0, 12.0];96;4;59145;4;1;6;iteratif;2.8;183;15.0217;13.8447;187.771;173.058;663.55;718.752;43.2548;40.608;31320.4;14.3535;160;2.4;0.00166018;26.2
8x12;[8.0, 12.0];96;6;60134;4;1;6;iteratif;3;172.6;13.8921;13.8447;173.651;173.058;688.244;718.752;43.4758;40.608;31775.2;14.773;240;2.4;0.00499811;26.2
12x12;[12.0, 12.0];144;1;59681;4;1;6;iteratif;3.6;171.2;29.8314;15.8324;248.595;131.937;576.721;823.174;43.2499;40.608;31336.3;14.2232;48;3;0.00146437;26.2
12x12;[12.0, 12.0];144;2;59550;4;1;6;iteratif;2.5;164.8;21.688;15.8324;180.733;131.937;674.317;823.174;43.5155;40.608;31439.8;14.4477;96;3;0.00259171;26.2
12x12;[12.0, 12.0];144;3;60005;4;1;6;iteratif;2.6;182.9;18.789;15.8324;156.575;131.937;722.782;823.174;43.7193;40.608;31571.2;14.5867;144;3;0.00330053;26.2
12x12;[12.0, 12.0];144;4;59914;4;1;6;iteratif;2.7;177.8;17.3565;15.8324;144.638;131.937;751.98;823.174;43.7235;40.608;31408;14.406;192;3;0.00256653;26.2
12x12;[12.0, 12.0];144;6;60820;4;1;6;iteratif;2.7;184.2;15.867;15.8324;132.225;131.937;783.82;823.174;44.0215;40.608;31794.8;14.8568;288;3;0.00642264;26.2
15x15;[15.0, 15.0];225;1;59976;4;1;6;iteratif;2.8;189.5;33.573;18.5406;179.056;98.8829;674.678;950.855;43.8762;40.608;31435.1;14.3793;60;3.75;0.00261175;26.2
15x15;[15.0, 15.0];225;2;60449;4;1;6;iteratif;2.9;179.6;24.8461;18.5406;132.512;98.8829;780.214;950.855;44.3329;40.608;31686.1;14.6875;120;3.75;0.00525574;26.2
15x15;[15.0, 15.0];225;3;60745;4;1;6;iteratif;2.7;176.1;21.6476;18.5406;115.454;98.8829;833.936;950.855;44.5385;40.608;31589.9;14.7323;180;3.75;0.00450705;26.2
15x15;[15.0, 15.0];225;4;60668;4;1;6;iteratif;2.8;170.9;19.9609;18.5406;106.458;98.8829;867.134;950.855;44.6744;40.608;31666.9;14.6268;240;3.75;0.00522044;26.2
15x15;[15.0, 15.0];225;6;61294;4;1;6;iteratif;2.6;180.8;18.1572;18.5406;96.8385;98.8829;904.731;950.855;45.1152;40.608;32048.7;14.9532;360;3.75;0.00932168;26.2
20x15;[20.0, 15.0];300;1;60291;4;1;6;iteratif;2.5;159;35.0964;20.6353;140.386;82.5411;757.771;1040.73;44.3621;40.608;31418.2;14.3369;70;4.28571;0.00276045;26.2
20x15;[20.0, 15.0];300;2;60531;4;1;6;iteratif;2.6;220.9;26.4566;20.6353;105.826;82.5411;867.573;1040.73;44.8956;40.608;31670;14.5923;140;4.28571;0.00527011;26.2
20x15;[20.0, 15.0];300;3;60653;4;1;6;iteratif;3.3;197.5;23.1339;20.6353;92.5357;82.5411;923.328;1040.73;45.3303;40.608;31858.8;14.8369;210;4.28571;0.00744231;26.2
20x15;[20.0, 15.0];300;4;60699;4;1;6;iteratif;2.6;173.8;21.4389;20.6353;85.7557;82.5411;958.55;1040.73;45.3855;40.608;31780.9;14.5491;280;4.28571;0.00769954;26.2
20x15;[20.0, 15.0];300;6;61485;4;1;6;iteratif;3;168.4;19.5231;20.6353;78.0924;82.5411;999.026;1040.73;45.8825;40.608;32135.6;14.7806;420;4.28571;0.0120241;26.2
