trou;levee_mm;note_Hz;profil;reseau;f_H_Hz;L_kg_m4;V_eff_cm3;R;A_rideau_mm2;masse_bout_g;f1_Hz;k_eff_N_m;fleche_statique_mm;levee_repos_mm;amplitude_bout_mm;joue;p_on_Pa;p_on_incert_Pa;f_jeu_Hz;ecart_cents;q_moyen_L_s;q_crete_L_s;facteur_crete;A_anche_eff_mm2;A_crete_mm2;p_ch_moy_pct;p_ch_crete_pct;p_ch_cc_pct;niveau_fond_dB;part_sup_500Hz_pct;centroide_Hz;attaque_10_90_s
sans;6;41.2;uniforme;elmer;999.03;78.092;45.883;32136;420;14.376;41.2;1036.6;0.42962;0.5;0.0071218;False;nan;nan;;;;;;;;;;;;;;
8x12;1;41.2;uniforme;elmer;514.36;314.75;42.945;31440;40;14.376;41.2;1036.6;0.42962;0.5;0.22495;True;1370.8;24.66;36.482;-210.57;0.33013;0.64697;1.9597;8.797;17.24;8.567;22.854;22.965;38.301;0.74913;64.817;0
8x12;2;41.2;uniforme;elmer;599.17;230.43;43.228;31897;80;14.376;41.2;1036.6;0.42962;0.5;0.50097;True;;;38.836;-102.3;0.48705;1.153;2.3673;12.978;30.723;8.3944;26.942;29.073;44.302;7.6123;119.74;2.2553
8x12;3;41.2;uniforme;elmer;638.18;208.04;42.207;31430;120;14.376;41.2;1036.6;0.42962;0.5;0.56061;True;418.16;7.5227;39.435;-75.788;0.50822;1.2879;2.5341;13.542;34.318;6.605;23.127;25.471;45.25;9.2643;129.45;2.522
8x12;4;41.2;uniforme;elmer;663.55;187.77;43.255;31320;160;14.376;41.2;1036.6;0.42962;0.5;0.48215;True;;;39.788;-60.382;0.46818;1.1702;2.4994;12.476;31.182;4.6975;16.32;17.988;44.232;7.2095;116.01;2.5705
8x12;6;41.2;uniforme;elmer;688.24;173.65;43.476;31775;240;14.376;41.2;1036.6;0.42962;0.5;0.41531;True;465.82;8.3801;40.039;-49.468;0.4249;1.0556;2.4844;11.322;28.129;3.3966;11.766;12.964;43.185;5.7636;106.28;0
12x12;1;41.2;uniforme;elmer;576.72;248.59;43.25;31336;48;14.376;41.2;1036.6;0.42962;0.5;0.29228;True;890.16;16.014;37.836;-147.48;0.36512;0.77563;2.1243;9.7292;20.668;7.5065;21.873;22.454;40.363;1.9175;79.615;0
12x12;2;41.2;uniforme;elmer;674.32;180.73;43.516;31440;96;14.376;41.2;1036.6;0.42962;0.5;0.42464;True;;;39.793;-60.141;0.43358;1.0621;2.4496;11.554;28.302;4.2041;14.346;15.619;43.315;5.7486;106.06;0
12x12;3;41.2;uniforme;elmer;722.78;156.57;43.719;31571;144;14.376;41.2;1036.6;0.42962;0.5;0.32942;True;482.88;8.687;40.347;-36.23;0.3696;0.88785;2.4022;9.8488;23.658;2.0951;6.9188;7.6574;41.549;4.032;93.833;0
12x12;4;41.2;uniforme;elmer;751.98;144.64;43.724;31408;192;14.376;41.2;1036.6;0.42962;0.5;0.27067;True;;;40.536;-28.144;0.33299;0.76868;2.3084;8.8731;20.483;1.4273;4.4791;4.9545;40.163;2.702;83.515;0
12x12;6;41.2;uniforme;elmer;783.82;132.22;44.021;31795;288;14.376;41.2;1036.6;0.42962;0.5;0.21405;True;537.92;9.6771;40.658;-22.922;0.29323;0.64698;2.2064;7.8137;17.24;1.0056;2.9118;3.1535;38.531;1.3868;71.592;0
15x15;1;41.2;uniforme;elmer;674.68;179.06;43.876;31435;60;14.376;41.2;1036.6;0.42962;0.5;0.27537;True;717.33;12.905;39.105;-90.365;0.35065;0.76092;2.1701;9.3437;20.276;4.4813;13.494;13.824;40.177;1.963;77.026;0
15x15;2;41.2;uniforme;elmer;780.21;132.51;44.333;31686;120;14.376;41.2;1036.6;0.42962;0.5;0.20962;True;;;40.498;-29.767;0.29804;0.63753;2.1391;7.9418;16.988;1.2846;3.6575;3.835;38.382;1.1471;69.177;0
15x15;3;41.2;uniforme;elmer;833.94;115.45;44.538;31590;180;14.376;41.2;1036.6;0.42962;0.5;0.15174;True;599.23;10.78;40.734;-19.697;0.25531;0.51266;2.008;6.8031;13.661;0.72186;1.8257;1.8481;36.237;0.42632;59.247;0
15x15;4;41.2;uniforme;elmer;867.13;106.46;44.674;31667;240;14.376;41.2;1036.6;0.42962;0.5;0.12569;True;;;40.802;-16.794;0.24189;0.45638;1.8868;6.4455;12.161;0.58603;1.3344;1.2926;35.031;0.20049;54.921;0
15x15;6;41.2;uniforme;elmer;904.73;96.838;45.115;32049;360;14.376;41.2;1036.6;0.42962;0.5;0.1019;True;691.98;12.449;40.841;-15.165;0.22927;0.40519;1.7673;6.1092;10.797;0.49666;1.022;0.92286;33.724;0.07449;50.551;0
20x15;1;41.2;uniforme;elmer;757.77;140.39;44.362;31418;70;14.376;41.2;1036.6;0.42962;0.5;0.19727;True;743.61;13.377;39.796;-60.018;0.29095;0.60855;2.0916;7.7529;16.216;2.3055;6.6605;6.6417;37.936;0.78862;64.035;0
20x15;2;41.2;uniforme;elmer;867.57;105.83;44.896;31670;140;14.376;41.2;1036.6;0.42962;0.5;0.12307;True;;;40.68;-21.976;0.23853;0.45097;1.8906;6.356;12.017;0.7017;1.6572;1.57;34.893;0.14706;53.894;0
20x15;3;41.2;uniforme;elmer;923.33;92.536;45.33;31859;210;14.376;41.2;1036.6;0.42962;0.5;0.093068;True;717.33;12.905;40.808;-16.533;0.2229;0.38634;1.7333;5.9395;10.295;0.50269;1.0142;0.88371;33.129;0.023964;48.54;0
20x15;4;41.2;uniforme;elmer;958.55;85.756;45.386;31781;280;14.376;41.2;1036.6;0.42962;0.5;0.080863;True;;;40.847;-14.877;0.21668;0.36023;1.6625;5.7738;9.599;0.43965;0.82873;0.68223;32.177;0.004881;46.04;0
20x15;6;41.2;uniforme;elmer;999.03;78.092;45.883;32136;420;14.376;41.2;1036.6;0.42962;0.5;0.068429;True;828.36;14.902;40.868;-14.014;0.21016;0.33385;1.5885;5.6002;8.8961;0.39815;0.6986;0.53127;30.994;8.5176e-10;43.621;0
