facteur;trou;levee_soupape_mm;P_Pa;scenario;t_ouv_ms;reseau;f_H_Hz;L_kg_m4;V_eff_cm3;R;A_rideau_mm2;f1_Hz;L_libre_mm;k_eff_N_m;zeta;levee_anche_mm;fleche_2kPa_mm;x0_um;m_air_local_mg;zeta_air;f_air_Hz;amplitude_bout_mm;joue;f_jeu_Hz;ecart_cents;q_moyen_L_s;q_crete_L_s;facteur_crete;A_anche_eff_mm2;A_crete_mm2;p_ch_moy_pct;p_ch_crete_pct;p_ch_cc_pct;niveau_fond_dB;part_sup_500Hz_pct;centroide_Hz;t_parle_10_ms;t_parle_50_ms;t_parle_90_ms;periodes_10;periodes_90;t_dp90_ms;ecart_cents_air
reference;12x12;3;2000;soupape;10;elmer;722.78;156.57;43.719;265.97;144;155.56;73.404;1094;0.004;1;0.42031;1;0;0;155.56;1.3345;True;146.67;-101.89;1.3999;2.9313;2.0939;37.304;78.11;23.42;59.516;85.198;65.482;34.056;389.72;6.875;330;495;1.0083;72.601;13.75;-101.89
t_ouv;12x12;3;2000;soupape;0;elmer;722.78;156.57;43.719;265.97;144;155.56;73.404;1094;0.004;1;0.42031;1;0;0;155.56;1.3345;True;146.67;-101.89;1.4117;2.9313;2.0764;37.617;78.11;23.685;59.516;85.198;65.482;34.056;389.72;6.875;96.25;261.25;1.0083;38.317;6.875;-101.89
t_ouv;12x12;3;2000;soupape;5;elmer;722.78;156.57;43.719;265.97;144;155.56;73.404;1094;0.004;1;0.42031;1;0;0;155.56;1.3345;True;146.67;-101.89;1.4023;2.9313;2.0904;37.367;78.11;23.476;59.516;85.198;65.482;34.056;389.72;6.875;171.88;336.88;1.0083;49.409;13.75;-101.89
t_ouv;12x12;3;2000;soupape;20;elmer;722.78;156.57;43.719;265.97;144;155.56;73.404;1094;0.004;1;0.42031;1;0;0;155.56;1.3345;True;146.67;-101.89;1.4083;2.9313;2.0814;37.527;78.11;23.603;59.516;85.198;65.482;34.056;389.72;550;797.5;962.5;80.668;141.17;20.625;-101.89
t_ouv;12x12;3;2000;soupape;40;elmer;722.78;156.57;43.719;265.97;144;155.56;73.404;1094;0.004;1;0.42031;1;0;0;155.56;1.3345;True;146.67;-101.89;1.4052;2.9313;2.0861;37.444;78.109;23.546;59.516;85.198;65.482;34.056;389.72;666.88;907.5;1072.5;97.81;157.3;27.5;-101.89
levee_anche;12x12;3;2000;soupape;10;elmer;722.78;156.57;43.719;265.97;144;155.56;73.404;1094;0.004;0.5;0.42031;1;0;0;155.56;1.5888;True;149.27;-71.439;1.0631;2.7342;2.572;28.327;72.859;17.115;53.016;80.496;64.858;55.139;489.8;6.75;108;290.25;1.0076;43.326;13.5;-71.439
levee_anche;12x12;3;2000;soupape;10;elmer;722.78;156.57;43.719;265.97;144;155.56;73.404;1094;0.004;0.75;0.42031;1;0;0;155.56;1.4862;True;148.06;-85.534;1.2257;2.854;2.3285;32.66;76.05;20.377;56.992;84.374;65.34;48.856;492.5;6.75;108;283.5;0.99941;41.975;13.5;-85.534
levee_anche;12x12;3;2000;soupape;10;elmer;722.78;156.57;43.719;265.97;144;155.56;73.404;1094;0.004;1.5;0.42031;1;0;0;155.56;2.7105e-16;False;;;;;;;;;;;;;;;;;;;;
volume;12x12;3;2000;soupape;10;elmer;722.78;156.57;21.86;265.97;144;155.56;73.404;1094;0.004;1;0.42031;1;0;0;155.56;1.8071;True;147.88;-87.604;1.4814;3.1679;2.1384;39.475;84.414;27.173;68.961;104.09;66.329;45.326;556.37;6.75;236.25;432;0.99822;63.886;13.5;-87.604
volume;12x12;3;2000;soupape;10;elmer;722.78;156.57;87.439;265.97;144;155.56;73.404;1094;0.004;1;0.42031;1;0;0;155.56;1.5013e-05;False;;;;;;;;;;;;;;;;;;;;
zeta;12x12;3;2000;soupape;10;elmer;722.78;156.57;43.719;265.97;144;155.56;73.404;1094;0.002;1;0.42031;1;0;0;155.56;1.6528;True;147.48;-92.298;1.4498;3.1153;2.1489;38.632;83.014;26.057;66.244;95.704;66.152;36.877;427.32;6.75;276.75;479.25;0.99552;70.682;13.5;-92.298
zeta;12x12;3;2000;soupape;10;elmer;722.78;156.57;43.719;265.97;144;155.56;73.404;1094;0.008;1;0.42031;1;0;0;155.56;0.96608;True;145.46;-116.25;1.334;2.6563;1.9911;35.548;70.781;19.964;49.482;67.789;64.332;36.015;363.37;6.875;721.88;935;1;136;13.75;-116.25
x0;12x12;3;2000;soupape;10;elmer;722.78;156.57;43.719;265.97;144;155.56;73.404;1094;0.004;1;0.42031;0.1;0;0;155.56;1.3345;True;146.67;-101.89;1.4;2.9313;2.0937;37.306;78.11;23.42;59.516;85.198;65.482;34.056;389.72;6.875;330;495;1.0083;72.601;13.75;-101.89
x0;12x12;3;2000;soupape;10;elmer;722.78;156.57;43.719;265.97;144;155.56;73.404;1094;0.004;1;0.42031;10;0;0;155.56;1.3345;True;146.67;-101.89;1.3996;2.9313;2.0943;37.296;78.11;23.439;59.516;85.198;65.482;34.056;389.72;6.875;316.25;481.25;1.0083;70.584;13.75;-101.89
scenario;12x12;3;2000;soufflet;nan;elmer;722.78;156.57;43.719;265.97;144;155.56;73.404;1094;0.004;1;0.42031;1;0;0;155.56;1.3345;True;146.67;-101.89;1.408;2.9313;2.0818;37.52;78.11;23.594;59.516;85.198;65.482;34.056;389.72;371.25;618.75;783.75;54.451;114.95;6.875;-101.89
l_fente;12x12;3;2000;soupape;10;elmer;722.78;156.57;43.719;265.97;144;155.56;73.404;1094;0.004;1;0.42031;1;0;0;155.56;1.2616;True;146.43;-104.67;1.3747;2.8827;2.0969;36.632;76.815;22.835;57.866;82.951;65.336;35.687;389.28;6.875;385;550;1.0067;80.539;13.75;-104.67
