ordre_std;ordre_essai;pt_centre;hauteur_sous_plaquette_cote_lame_mm;largeur_trou_talon_mm;epaisseur_talon_mm;angle_anche_deg;volume;reponse
9;1;1;10.0;3.0;3.0;90.0;;
8;2;1;20.0;15.0;50.0;0.0;;
4;3;1;20.0;15.0;3.0;0.0;;
11;4;1;10.0;15.0;3.0;90.0;;
13;5;1;10.0;3.0;50.0;90.0;;
3;6;1;10.0;15.0;3.0;0.0;;
14;7;1;20.0;3.0;50.0;90.0;;
15;8;1;10.0;15.0;50.0;90.0;;
2;9;1;20.0;3.0;3.0;0.0;;
12;10;1;20.0;15.0;3.0;90.0;;
7;11;1;10.0;15.0;50.0;0.0;;
5;12;1;10.0;3.0;50.0;0.0;;
16;13;1;20.0;15.0;50.0;90.0;;
1;14;1;10.0;3.0;3.0;0.0;;
10;15;1;20.0;3.0;3.0;90.0;;
6;16;1;20.0;3.0;50.0;0.0;;
17;17;1;15.0;9.0;26.5;45.0;;
