fichier;duree_s;f_a_Hz;f_b_Hz;battement_Hz;ecart_cents;remarque
beat-01.wav;5.29;164.21;164.82;0.61;6.5;
beat-02.wav;5.11;123.67;124.36;0.68;9.6;
beat-03.wav;4.23;1486.48;1494.73;8.24;9.6;pic le plus fort = un harmonique, pas le fondamental : a relire
beat-04.wav;4.85;147.31;148.21;0.90;10.6;
beat-05.wav;5.20;220.67;222.02;1.35;10.5;
beat-06.wav;5.46;196.50;197.87;1.37;12.1;
beat-07.wav;5.20;262.19;264.09;1.90;12.5;
beat-08.wav;5.73;247.90;249.10;1.20;8.4;
beat-09.wav;5.46;330.63;332.96;2.33;12.2;
beat-10.wav;6.87;294.23;296.38;2.15;12.6;
beat-11.wav;6.43;371.04;373.36;2.31;10.8;
beat-12.wav;5.90;393.73;395.36;1.63;7.2;
beat-13.wav;6.35;441.45;444.76;3.31;12.9;
beat-14.wav;7.67;495.19;497.98;2.79;9.7;
beat-15.wav;6.26;587.03;588.51;1.48;4.4;
beat-16.wav;6.43;661.18;665.81;4.62;12.1;
beat-17.wav;4.94;784.67;789.79;5.12;11.3;
