cas;mode_flexion;EB_marches_Hz;EB_exact_Hz;RR_km2_Hz;RR_5_Hz;RR_20_Hz;Elmer_Hz;ecart_Elmer_EB_pct;ecart_RR5_EB_pct;formule_Hz
poutre_uniforme_30x3.5x0.3;1;279.4;279.4;279.4;279.4;279.4;281.55;0.77;0.0;279.4
poutre_uniforme_30x3.5x0.3;2;1750.95;1750.95;1750.95;1750.95;1750.95;1763.18;0.7;-0.0;1750.95
poutre_uniforme_30x3.5x0.3;3;4902.71;4902.71;;4902.71;4902.71;4937.82;0.72;0.0;4902.71
poutre_uniforme_30x3.5x0.3;4;9607.35;9607.35;;9607.35;9607.35;9682.67;0.78;0.0;9607.35
poutre_uniforme_30x3.5x0.3;5;15881.64;15881.64;;15881.64;15881.64;16019.16;0.87;-0.0;
matrix_txt_pied;1;67.36;67.47;101.91;71.69;68.37;67.72;0.36;6.26;
matrix_txt_pied;2;847.92;850.38;2244.67;945.89;874.71;846.82;-0.42;11.23;
matrix_txt_pied;3;2706.16;2720.25;;3964.33;2871.79;2721.17;0.03;45.73;
matrix_txt_pied;4;5441.28;5470.67;;9661.37;5789.8;5493.62;0.42;76.6;
matrix_txt_pied;5;9542.74;9591.18;;44833.7;10129.76;9700.62;1.14;367.45;
